actorId,name,dateOfBirth,nationality
1,Aaron Jones,1955-10-09,Maldives
2,Joseph Martin,1981-01-15,France
3,Micheal Fowler,1999-05-17,Bulgaria
4,James Coleman,1949-12-21,Anguilla
5,Dr. Amanda Matthews,1957-03-11,Bahamas
6,Nicholas Jones,2005-01-03,Nicaragua
7,Laura Porter,1943-07-05,British Indian Ocean Territory (Chagos Archipelago)
8,Kevin Callahan,2003-12-16,Iraq
9,Steven Jackson,1959-01-10,Guinea
10,Angela Peterson DVM,2000-11-18,Belgium
11,Christopher Green,1966-06-03,Myanmar
12,Jacob Shelton,1979-08-06,Palestinian Territory
13,Marcus Ward,1997-03-31,Indonesia
14,Antonio Villa,1974-02-13,Swaziland
15,Stephen Sanchez,1946-07-12,Burkina Faso
16,Veronica Munoz PhD,1999-11-23,Sierra Leone
17,David Richardson,1982-01-29,Saint Vincent and the Grenadines
18,Charles Prince,1985-07-14,Bhutan
19,Patrick Diaz,1990-09-04,Malta
20,Breanna Peterson,1989-12-09,Thailand
21,Isaiah Lawson,1965-09-26,Bosnia and Herzegovina
22,Timothy Mcbride,1934-03-24,Paraguay
23,Alexandra Gamble,1944-06-23,Swaziland
24,Timothy Estrada,1983-09-17,Lithuania
25,Peter Weber,1980-01-03,Namibia
26,Sylvia Love,1953-02-05,Jordan
27,Joseph Davidson,1990-01-19,Canada
28,Autumn Patel,1975-07-20,Mauritius
29,David Walker,1942-04-20,Wallis and Futuna
30,Raven Pope,1987-02-07,Botswana
31,Tasha Powell,1995-08-23,Mongolia
32,Zachary Cooley,1956-10-29,Guyana
33,Shannon Hatfield,1964-06-08,Malaysia
34,Sarah Branch,1962-09-20,Reunion
35,Rachael Frazier,1992-05-25,Gibraltar
36,Lisa Garcia,1955-09-20,Ireland
37,Brian Robinson,2003-08-15,United States Virgin Islands
38,Amanda Taylor,1984-03-01,South Georgia and the South Sandwich Islands
39,John Martin,1940-09-17,Kuwait
40,Christina Edwards,1988-12-21,Palau
41,Valerie Horn,1946-10-08,Sweden
42,Christian Tanner,1937-06-20,Northern Mariana Islands
43,Joshua Alvarez,1939-03-04,Cameroon
44,Adam Harris,1956-03-13,Hong Kong
45,Shirley Ingram,1934-05-28,Guatemala
46,Rachel Wilson,1942-03-29,Reunion
47,Anna Rowe,1971-05-29,Bangladesh
48,Ethan Porter,1983-01-01,Yemen
49,Jessica Brown,1935-07-03,Somalia
50,Christopher Johnson,1954-11-23,United States of America
51,Steven Simmons DDS,1992-03-23,Samoa
52,Morgan Hamilton,2000-01-28,Moldova
53,Vincent White,1986-05-07,Jamaica
54,Nathaniel Cooper,2002-04-18,Gibraltar
55,Steven Blevins,1992-08-03,Puerto Rico
56,Benjamin Stone,2003-12-12,Christmas Island
57,James Barnett,1969-12-28,Aruba
58,Ryan Mccoy,1968-07-06,Serbia
59,Christina Hopkins,1974-11-03,Bermuda
60,Lori Campos,1974-12-08,Mongolia
61,David Morton,1945-12-11,Somalia
62,Juan Dillon,1939-06-29,Korea
63,Anna Johnson DVM,1998-06-15,Myanmar
64,Ashlee Graham,1973-06-13,Argentina
65,Donald Gray,2003-04-13,Cyprus
66,Jessica Williams,2001-04-27,Slovakia (Slovak Republic)
67,Kevin Hunter,1983-09-15,Dominica
68,Raymond Lawson,1949-01-07,Luxembourg
69,Andrew Edwards,1937-04-01,Thailand
70,Kevin Sutton,1996-05-13,Afghanistan
71,Joshua Jones IV,1992-05-09,Yemen
72,Joseph Stout,1964-11-15,Martinique
73,Sarah Simmons,2004-08-03,Albania
74,Bridget Martin,1994-06-11,Sweden
75,Ms. Holly Morris,1960-12-09,Mauritania
76,Andrew Austin,1956-05-17,Thailand
77,Marissa Fuentes DVM,1939-09-25,Nepal
78,Belinda Gordon,1968-02-05,Senegal
79,Patrick Castro,1960-02-22,Brunei Darussalam
80,Kendra Allen DDS,1965-10-30,Isle of Man
81,Larry Lee,1999-08-13,Tanzania
82,Reginald Hogan,1968-12-28,Trinidad and Tobago
83,Kyle Franklin,1968-12-12,Spain
84,Mr. Anthony Williams,1973-04-07,Somalia
85,Joseph Walker,1971-08-02,Cuba
86,David Jones,1999-12-26,Gambia
87,John Livingston,1990-07-25,Slovenia
88,Katherine Clark,1936-09-07,Madagascar
89,Alex Barber,1973-02-24,Barbados
90,Lisa Hernandez,1963-10-27,Guadeloupe
91,Lauren Orozco,1999-02-27,Macao
92,George Freeman,1949-12-18,Oman
93,Michelle Fuller,1954-04-08,Niue
94,Crystal Adams,1981-04-27,Bangladesh
95,Theresa Green,1979-10-23,Paraguay
96,Terri Stone,1976-01-10,Thailand
97,Michele Rodriguez,1992-10-01,Sierra Leone
98,Joshua Austin,1991-12-05,Chad
99,Ronald Carr,1971-02-24,Bahrain
100,Christopher Moss,1985-08-08,Solomon Islands
101,Shane Lynn,1937-02-24,France
102,Kristin West,1955-02-12,Austria
103,Crystal Blevins,2000-08-11,Kenya
104,John Peters,1998-11-26,Nauru
105,Christina Adkins,1973-12-21,Cayman Islands
106,Juan Ingram,1993-09-10,Cape Verde
107,Jason Horn,1956-10-29,Namibia
108,Henry Reynolds,1981-10-25,Costa Rica
109,Brandon Lam,1962-08-17,Senegal
110,Patrick Meyer,1969-07-09,New Zealand
111,Dr. Theresa Anderson,1973-05-10,Cayman Islands
112,Christopher Frye,1956-07-20,Palau
113,Mary Meadows,1988-01-08,Christmas Island
114,Mark Walker,1970-12-05,Cambodia
115,Christina Gomez,1999-06-29,New Caledonia
116,Mathew Vasquez,1985-12-09,Qatar
117,Donald Sullivan,1939-06-22,Malawi
118,Sean Alexander,1980-04-14,San Marino
119,Jessica Hayes,1964-08-16,Norfolk Island
120,James Jackson,1949-01-03,Italy
121,Kaylee Ortiz,2001-07-05,Luxembourg
122,Keith Cortez,1954-12-04,Morocco
123,Kellie Burgess,1981-09-17,Seychelles
124,Christina Bradshaw,1990-08-16,Belgium
125,Renee Craig,2000-12-26,Belarus
126,Sarah Randall,1965-05-31,Senegal
127,Shannon Fleming,2003-09-19,Brunei Darussalam
128,Mario Chapman,1942-11-11,Myanmar
129,Robert Wilkinson,2001-04-19,Uzbekistan
130,Mr. Travis Scott,1966-06-12,Liberia
131,Dalton Lee,1996-09-07,Belize
132,Olivia Calderon,1999-04-14,Bahrain
133,Eric Benitez,1990-08-27,Mauritania
134,Allison Curtis,1970-08-30,Morocco
135,Lisa Lawson,1956-02-28,Monaco
136,Mark Hunt,1954-11-07,Lao People's Democratic Republic
137,Thomas Romero,1970-04-18,Gambia
138,James Martin,1965-07-24,Ecuador
139,Arthur Conner,1971-09-01,Panama
140,Laura Castillo,1945-09-02,Canada
141,Scott Patel,1982-01-13,United Kingdom
142,Vanessa Wright,1999-11-18,Malaysia
143,Suzanne Mayer,1976-01-23,Liberia
144,Ryan Garcia,1951-08-27,Cayman Islands
145,Candice Taylor,2004-07-03,Korea
146,Fernando Decker,1980-05-02,Gambia
147,Sara Ryan,2002-11-25,Netherlands Antilles
148,Wayne Boone,1965-06-29,Christmas Island
149,Tamara Garcia,1999-12-30,Gibraltar
150,Geoffrey Beasley,1992-03-16,Algeria
151,Deborah King,1988-06-16,Myanmar
152,Natalie Preston,1978-07-29,Mauritius
153,Leah Reyes,2004-03-30,Bolivia
154,Jeffery Miller,1954-11-08,Libyan Arab Jamahiriya
155,Joe Lloyd,1945-05-01,Tokelau
156,Arthur Stephenson,1975-07-14,Korea
157,Peter Brown,1984-06-19,Azerbaijan
158,Sherri Adams,1990-11-02,Fiji
159,Victoria Williams,1946-07-21,Israel
160,Emily Rosario,1992-03-30,Australia
161,Robert Fernandez,1999-07-25,Panama
162,Jordan Salas,1944-04-13,Bangladesh
163,Timothy Fitzgerald,1981-04-21,Botswana
164,Robert Gibson,1979-02-01,New Caledonia
165,Karen Rhodes,1991-10-01,Cuba
166,Charlene Hernandez,1961-03-29,Norway
167,Karina Jones,1969-06-27,Brazil
168,Crystal Ramos,1995-04-22,Morocco
169,Patricia Hill,1960-06-01,Guam
170,Hayden Thornton,1940-04-30,United Arab Emirates
171,Christopher Clark,1943-09-14,Myanmar
172,Patricia Dunn,1965-03-21,Gabon
173,Zachary Thompson,1983-05-24,Timor-Leste
174,Nicholas Ruiz,1985-01-22,Eritrea
175,Lisa Rogers,1973-11-17,Guyana
176,Nathan Rios,1952-11-14,Northern Mariana Islands
177,Marvin Anderson,1955-04-07,Argentina
178,Shane Ryan,1939-05-24,Reunion
179,James Clark,2004-08-06,Tanzania
180,Cheyenne Anderson,1948-01-12,Guinea-Bissau
181,Douglas Roberts,1956-08-26,Faroe Islands
182,Nicholas Dudley,1975-09-07,Burundi
183,Paul Jackson,1970-08-28,Burkina Faso
184,Mr. Clarence Morrison PhD,1991-08-17,Tunisia
185,Julie Wagner,1970-05-27,Ukraine
186,Nicole Martin,1938-03-17,Albania
187,Cindy Gonzalez,1957-06-23,Saudi Arabia
188,Lisa Glover,1987-12-17,Rwanda
189,Crystal Parrish,1947-10-05,Dominican Republic
190,Deanna Fowler,1978-06-10,Qatar
191,Anthony Mann,1977-10-31,Philippines
192,Michael Freeman,1985-12-14,Antarctica (the territory South of 60 deg S)
193,Benjamin Parks,2003-08-14,Niue
194,Courtney Wagner,1946-07-31,Gambia
195,Alex Olson,1972-03-06,Montserrat
196,David Murphy,1965-10-04,Guadeloupe
197,Robert Reyes,1996-01-12,Guam
198,Mathew Simmons,1944-09-20,Egypt
199,Christine Nguyen,1955-03-14,Sierra Leone
200,Christy Williams,1977-04-20,Vanuatu
201,Janet Jones,1976-07-16,Latvia
202,Brooke Smith,1941-10-21,Seychelles
203,Stacey Reed,1934-07-04,Tajikistan
204,Jeffrey Shannon,1942-09-26,Gibraltar
205,Stephanie Hardy,1943-11-17,Turkey
206,Mrs. Tiffany Floyd,1968-10-07,Russian Federation
207,Deanna Smith,1976-05-12,Ethiopia
208,Michael Poole,1940-03-08,Portugal
209,Michelle Brown,1975-07-11,Tokelau
210,Michael Hernandez,1948-07-26,Uruguay
211,Tracy Davis,1945-09-27,Albania
212,Dr. Teresa Tucker DDS,1957-05-11,Luxembourg
213,John Chambers,1980-08-17,Albania
214,Haley Hernandez,1954-06-22,Aruba
215,Heather Lozano,1978-02-16,Yemen
216,Erik Foster,1983-12-28,Zambia
217,Natasha Mccarty,1968-06-03,Guatemala
218,Carl Pruitt,1996-08-31,Luxembourg
219,Sylvia Banks,1939-06-01,Ecuador
220,Kathy Wheeler,1997-12-23,Jersey
221,Sean Gaines,1937-10-24,Afghanistan
222,Michael Alvarez,1961-04-17,Guatemala
223,Jessica Scott,1955-03-16,Croatia
224,Nicholas Tucker,1983-08-24,United Kingdom
225,Cheryl Wall,1999-04-08,Liechtenstein
226,Brittany Stewart,2003-01-18,American Samoa
227,Jeffery Mcgee,1956-09-01,Bahamas
228,Jesse Rivers,1998-04-09,Christmas Island
229,Lee French,1950-07-03,American Samoa
230,William Williams,1997-08-05,Vietnam
231,Jason Brown,1994-04-13,Namibia
232,Janet Bowen,1979-01-31,Martinique
233,Belinda Smith,1983-01-23,Western Sahara
234,Shannon Myers,1939-09-24,Ecuador
235,Robert Good,1980-12-07,Vanuatu
236,Richard Tran,1976-10-10,Madagascar
237,Erika James MD,1983-08-25,Liberia
238,Katherine Bailey,1939-04-29,Congo
239,Carlos Reyes,1958-05-17,Georgia
240,Michael Gomez Jr.,1982-03-21,Gabon
241,Zachary Blackwell,1949-03-26,Burkina Faso
242,Aaron Simpson,1959-08-19,Zimbabwe
243,Brittney Mcdonald,1948-07-24,China
244,Adrienne Ward,1942-11-01,Denmark
245,Sandra Lee,1991-10-11,Kiribati
246,Casey Matthews,1964-03-03,Sao Tome and Principe
247,Cindy Adams,1969-06-21,Australia
248,Alyssa Barnett,1950-02-13,Bermuda
249,Catherine Hernandez,1988-12-28,Christmas Island
250,James Hamilton,1947-06-28,Jamaica
251,Dawn Guzman,1954-01-17,Maldives
252,Melissa Williams,1952-05-17,Fiji
253,Gregory Morris,1936-09-21,British Indian Ocean Territory (Chagos Archipelago)
254,Travis Walker,1959-05-07,Solomon Islands
255,Michael Trujillo,2001-03-06,Turkmenistan
256,Matthew Velez,1945-08-20,Bolivia
257,Dawn Frazier,1937-06-01,Maldives
258,Martha Greene,1940-08-01,Indonesia
259,Derek Wolfe,1938-07-15,Lao People's Democratic Republic
260,Mallory Kramer,1987-02-01,Saint Kitts and Nevis
261,Tara Figueroa,1976-05-21,Antarctica (the territory South of 60 deg S)
262,Ashley Strong,1955-12-23,Belgium
263,Chelsea Duran,1975-11-26,Cameroon
264,Sonia Curry,1986-09-20,Samoa
265,Elizabeth Garcia,1939-12-09,Japan
266,Dennis Best,1973-03-03,Montenegro
267,Charles Petty,1941-03-22,Botswana
268,Victoria Wallace,1937-06-15,Kazakhstan
269,Christopher Miller,1968-08-13,Maldives
270,Edwin Hunter,1937-04-08,Vanuatu
271,Shawn Rodriguez,1999-10-28,Jamaica
272,Morgan Mack,1988-09-23,Dominica
273,Randall Weaver,1950-05-03,Antarctica (the territory South of 60 deg S)
274,Kristi Smith,1947-01-07,Falkland Islands (Malvinas)
275,David Walton,1937-12-19,Tokelau
276,Anna Davis,1981-02-25,Guinea-Bissau
277,Omar Norton,1998-05-27,Northern Mariana Islands
278,Matthew Williams,1947-09-19,Chile
279,Jose Clark,2004-10-07,British Virgin Islands
280,Christopher Sullivan,1965-02-20,Namibia
281,Jamie Rice,1950-09-08,Peru
282,Shannon Ferguson,1955-04-28,Saint Pierre and Miquelon
283,Steven Mckinney,2001-02-03,Chile
284,Jay Weaver,1985-05-13,Faroe Islands
285,Joshua Tucker,1964-07-13,Iraq
286,Douglas Cook,1965-08-16,Norfolk Island
287,Patrick Roman,1952-12-01,Sierra Leone
288,Jennifer Martinez,1989-11-20,Grenada
289,Ashley Stevens,1945-08-22,Svalbard & Jan Mayen Islands
290,Jonathan Bowman,1937-09-01,Aruba
291,Veronica Waller,1987-09-20,Trinidad and Tobago
292,Christopher Jones,1993-01-13,United Kingdom
293,John Bell,1972-10-04,Norway
294,Tyler Barnes,1938-09-26,Solomon Islands
295,Laura Rodriguez,1973-08-03,Albania
296,Christian Dominguez,1970-11-17,Tonga
297,Vicki Ryan,1966-02-05,Andorra
298,Miranda Perry,1967-11-29,Faroe Islands
299,Sandra Mays,1965-03-04,Anguilla
300,Patrick Bell,1975-07-17,Vietnam
301,Cheryl Gill,1971-12-25,Tonga
302,James Wilson,1939-11-28,Malta
303,John Payne,1990-03-15,Sudan
304,Molly Krueger,1954-04-21,Guyana
305,Walter Knapp,1942-02-11,Guam
306,Christopher Huang,2004-05-20,Iran
307,Angela Houston,1956-04-07,Vanuatu
308,Mrs. Nicole Hurley,1996-11-19,Armenia
309,Christina Lester,1969-04-13,Madagascar
310,Brandy Rodriguez,1991-04-05,Liberia
311,Nancy Lambert,1946-12-17,Antarctica (the territory South of 60 deg S)
312,Theresa Blevins,1942-06-16,Christmas Island
313,Madison White,1947-10-08,Niger
314,Julie Richards MD,1979-10-11,Saint Kitts and Nevis
315,Harold Peters,1988-05-28,Montserrat
316,Larry Allen,1995-12-19,Lithuania
317,Brooke Holmes,1983-05-06,Turkey
318,David Mayo,2003-02-21,Ghana
319,Michelle Yates,1975-04-07,Tunisia
320,Brandy Gilbert,1984-03-06,Latvia
321,Sally Turner,1984-10-19,Mauritius
322,Calvin Hill,1942-12-15,Hong Kong
323,Lydia Marshall,1945-03-30,Albania
324,Ryan Gray,1944-09-01,Somalia
325,Brooke Gonzales MD,1968-08-13,Brunei Darussalam
326,Melissa Spencer,1967-09-21,Netherlands
327,Heather Mckenzie,1995-08-16,British Virgin Islands
328,Danielle Schroeder,1983-01-02,Mali
329,John Acevedo,1946-10-11,Mozambique
330,Destiny Galloway,1952-01-16,Trinidad and Tobago
331,Joseph Harper,1993-07-22,Macao
332,Amy Dunn,1943-07-02,Tanzania
333,Stephanie Powell,1983-09-24,British Indian Ocean Territory (Chagos Archipelago)
334,Robert Hall,1997-12-25,Liechtenstein
335,Debbie Manning,1984-06-03,Guatemala
336,Jeremy Bell,1973-03-22,Tuvalu
337,Amy Martin,1990-07-11,Tanzania
338,Timothy Fox,1967-02-28,Bouvet Island (Bouvetoya)
339,Emily Smith,1946-09-30,Thailand
340,Amanda Jackson,1953-12-11,Philippines
341,Jeffrey Munoz,1967-10-08,Guernsey
342,James Ramirez,1986-02-12,Greece
343,Christopher Sanchez,1994-07-08,South Africa
344,Darrell Thornton,1965-10-30,Greece
345,Laura Carter,1973-08-24,El Salvador
346,Adam Martin,1960-06-24,El Salvador
347,Kathy Burch,1936-05-06,Anguilla
348,Kimberly Schroeder,1970-05-19,Finland
349,Jim Mills,1977-06-03,Tuvalu
350,Tonya Brown,2004-06-04,Bermuda
351,Julie Gilbert,2001-09-24,Cocos (Keeling) Islands
352,Michael Aguilar,1968-03-08,Honduras
353,Rebecca Taylor,1956-08-05,Uruguay
354,Christine Joseph,1981-06-15,Namibia
355,John Lopez,1984-09-17,Macao
356,Maria Robinson,1979-03-05,Ecuador
357,Robert Fletcher,1955-02-17,Ghana
358,Terry Morrison,1981-08-27,Saint Lucia
359,James Ray,1942-06-14,China
360,Christy Parks,1943-08-05,Burundi
361,Matthew Jensen,1941-02-19,Antigua and Barbuda
362,Larry Cantrell,1970-02-18,Croatia
363,Stephen Gray,1971-08-14,Bouvet Island (Bouvetoya)
364,Jeffrey Carter,1987-04-04,Lebanon
365,Rodney Hoover,1981-12-16,El Salvador
366,William Santiago,1999-06-16,New Caledonia
367,Samuel West,1999-04-04,Panama
368,Brent Hill,1940-12-23,Tuvalu
369,Stephanie Fisher,1980-03-13,Japan
370,Logan Brown,1949-02-11,Canada
371,Anthony Lin,1958-03-09,Egypt
372,Annette Johnston,1974-12-10,Cameroon
373,Patricia Harris,1953-11-25,Bosnia and Herzegovina
374,Elizabeth Young,1960-02-03,New Caledonia
375,Adam Schaefer,1994-12-20,Russian Federation
376,Megan Lyons,1939-06-29,Malaysia
377,Lori Tate,1955-12-16,Botswana
378,Dustin Castro,2003-01-09,Niger
379,Luke Webb,1972-03-21,San Marino
380,Alan Simpson,1998-01-14,Christmas Island
381,Guy Dodson,1935-12-19,French Southern Territories
382,Derek Taylor,2000-12-15,Canada
383,Alicia Michael,1957-10-01,Chad
384,Jacob Thomas,1981-07-31,Myanmar
385,Scott Ferguson,1980-03-11,Nigeria
386,Jeffrey Johns,1943-04-19,Austria
387,Jeff Marks,1970-06-19,Luxembourg
388,Amy Moore,1949-05-08,Norfolk Island
389,Kaitlyn Rodriguez,1961-01-25,Netherlands Antilles
390,Amy Evans,1970-01-26,Gibraltar
391,Scott Stone,1953-09-25,United States Minor Outlying Islands
392,Shawn Smith,2002-08-14,Guinea-Bissau
393,Joe James,1991-05-31,Bermuda
394,William Hicks,2001-03-14,Djibouti
395,Eric Monroe,1997-12-15,Korea
396,Melissa Kirby,1945-02-07,Guernsey
397,David Perez,1937-04-23,Brunei Darussalam
398,James Taylor,1937-07-02,United States of America
399,James Howe,1955-05-15,Western Sahara
400,James Miller,1992-01-07,Italy
401,Paul Smith,1990-05-18,Zimbabwe
402,Eric Grant,1978-09-11,Japan
403,Dr. Norma Bean,1946-08-30,Grenada
404,Tracy Turner,1972-07-13,Cameroon
405,Laura Dominguez,1963-12-27,Brazil
406,Kenneth Smith,1952-07-02,Armenia
407,Kelly Phelps,1976-06-01,Venezuela
408,Christopher Leon,1947-08-06,Sudan
409,James Parrish,1965-01-02,Iran
410,Martha Peterson,1991-01-20,China
411,Matthew Powers,1975-11-16,Australia
412,Brad Sharp,1968-05-26,Chile
413,Stephen Sanchez,1944-04-08,Liechtenstein
414,Phyllis Martinez,1943-08-03,Romania
415,Janice Gardner,1993-01-24,Jamaica
416,Marissa Johnson,1956-02-20,Iran
417,Billy Russell,1981-10-30,Central African Republic
418,David Huff,1948-11-12,Thailand
419,Tracy Rodriguez,1955-01-01,Venezuela
420,John Lane,1982-09-26,Sri Lanka
421,Suzanne Porter,1984-03-15,South Georgia and the South Sandwich Islands
422,Kevin Mcdaniel,1947-07-24,Mayotte
423,Ralph Gardner,1966-03-06,Vietnam
424,Abigail Scott,1943-11-27,Thailand
425,Anne Travis,1944-02-07,Indonesia
426,Michael Smith,1975-01-27,Chile
427,Kristi Williams,1964-02-03,Eritrea
428,Alyssa Harper,1949-02-27,Burundi
429,Jessica Sawyer,1961-06-19,Isle of Man
430,Amy Wang,1981-10-01,Burundi
431,Terry Gates,1947-01-17,Solomon Islands
432,Dr. Andrew Nunez,1993-03-24,Austria
433,Michelle Schmitt,1940-10-18,Denmark
434,Nicholas Daniel,1991-02-01,Romania
435,Samuel Allen,1955-06-19,Micronesia
436,Brian Huffman,1990-12-20,Philippines
437,Michele Willis,1986-05-22,Macao
438,Harry Moore,1977-03-01,Barbados
439,Jeffery Bryan,1982-05-15,Uganda
440,Edward Gonzalez,2004-07-16,Kiribati
441,Jaime Joseph,1947-10-16,Slovenia
442,Ashley Bean,1990-10-13,Ghana
443,Jessica Foley,2003-01-27,Belize
444,Megan Johnson,1945-05-22,Macao
445,Adam Williams,1995-09-20,El Salvador
446,Megan Jones,1974-04-07,Azerbaijan
447,Daniel English II,1969-02-19,Japan
448,Stephen Harrington,1982-10-01,Pakistan
449,Willie Snyder,1946-10-14,French Polynesia
450,Alexander Logan,1978-09-20,Bangladesh
451,Alexandra Li,1982-09-19,Malta
452,Joseph Dunlap,1949-04-13,Fiji
453,Timothy Jones,1981-12-25,Algeria
454,Mrs. Melissa Harris,1946-07-20,Uruguay
455,Eric Moran,1986-05-04,Sri Lanka
456,Daniel Hodge,1941-08-06,Paraguay
457,Mr. Jerry Sullivan,1994-03-25,Uruguay
458,Guy Greene,1984-01-23,Tonga
459,Kristie Grant,1978-10-01,Saudi Arabia
460,Destiny Alexander,1996-01-02,Philippines
461,Jasmine Keith,1958-09-17,Libyan Arab Jamahiriya
462,Timothy Lindsey,1961-02-10,Japan
463,Wesley Frey,1992-11-11,Libyan Arab Jamahiriya
464,Kevin Henderson,1936-10-29,Malaysia
465,Steven Curry,1970-05-02,Liechtenstein
466,Thomas Robinson,1998-10-27,Monaco
467,David Powell,1975-03-21,Latvia
468,Christina Powell,1941-01-23,Saint Helena
469,Toni Oliver,1948-07-04,Madagascar
470,Chelsey Russell,1991-06-04,Denmark
471,Lindsey Grant MD,1984-06-03,Colombia
472,Shelby Rivera,1999-06-29,Nauru
473,Teresa Tucker,1975-11-12,Romania
474,Alex Mccarty,1936-09-03,Montserrat
475,Emily Coleman,1945-06-15,Martinique
476,Angela Daugherty,1943-07-31,Faroe Islands
477,Paul Adams,1995-12-19,Nepal
478,Edward Nguyen,1952-01-28,Jersey
479,Marcus Diaz,1965-05-28,Monaco
480,Debra Hoover,1983-02-14,Turks and Caicos Islands
481,Christine Stout,1966-11-27,Nauru
482,Jacqueline Rowe,1957-08-09,Afghanistan
483,Tamara Keller,1950-09-03,Heard Island and McDonald Islands
484,Patrick Hall,1955-01-20,Grenada
485,Mark Jones,1976-07-10,Mauritius
486,Brandon Foster,1965-08-19,Isle of Man
487,Rhonda Hoffman,1973-04-26,South Georgia and the South Sandwich Islands
488,Jacob Torres,1996-05-08,Micronesia
489,William White,1948-05-12,South Georgia and the South Sandwich Islands
490,Mr. William Brennan,1951-12-06,Congo
491,Natalie Washington,1939-10-27,Nepal
492,Daniel Scott,1938-04-08,Serbia
493,Nicole Ortega,2001-07-15,Cambodia
494,Chad Marsh,2001-04-06,Azerbaijan
495,Michelle King,1998-11-17,Uzbekistan
496,Justin Sawyer,1934-10-06,Macao
497,Rebecca Scott,1965-04-30,American Samoa
498,Ryan Contreras,1975-12-10,Marshall Islands
499,Michael Anderson,2000-01-11,Botswana
500,Ethan Mcdowell,1981-06-11,Andorra
501,Emily Jenkins,1976-10-11,Cameroon
502,Sandra Mccormick,1972-12-04,Guernsey
503,Angela Gomez,1959-05-02,Marshall Islands
504,Gordon Moreno,1999-05-07,Bermuda
505,Amy Fernandez,1992-01-08,Northern Mariana Islands
506,William Dixon,1982-05-13,Puerto Rico
507,Samuel Wood,1944-02-01,Vietnam
508,Tracey Ruiz,2000-04-10,Czech Republic
509,Shirley Taylor,1988-12-17,French Southern Territories
510,Gabrielle Hill,1978-07-18,United States Virgin Islands
511,Matthew Murray,1948-08-31,Montserrat
512,Richard White,1951-07-18,Central African Republic
513,Kayla Foley,1974-01-30,Brunei Darussalam
514,Lindsay Cummings,2001-11-19,Denmark
515,Daniel Sanchez,1939-06-02,Iraq
516,Ashley Schwartz,1966-06-24,Macedonia
517,Timothy Walker,1985-07-31,Brazil
518,Sierra Savage,1970-01-23,New Caledonia
519,William Mitchell,2002-03-31,Norway
520,Destiny Wright,1951-06-01,Wallis and Futuna
521,Mark Woods,1984-04-25,Mauritius
522,Terry Snow,1979-08-30,Malawi
523,Nicholas Parker,1980-08-12,Saint Lucia
524,Paul Rojas,1993-08-21,Liberia
525,Mark Marquez,1950-09-30,Palau
526,Kathleen Chambers,1976-10-02,United States Minor Outlying Islands
527,John Reeves,1963-02-12,Falkland Islands (Malvinas)
528,Craig Howard,1954-09-20,Netherlands
529,Tara Macdonald,1969-03-02,Poland
530,Sarah Hall,1966-04-05,Palestinian Territory
531,James Frazier,1942-07-05,Haiti
532,Jennifer Davis,2004-04-07,Malawi
533,Steven Kelly,1981-11-24,Ethiopia
534,James Fowler,2004-08-27,Mali
535,Meghan Morris,1954-12-29,Martinique
536,Gregory Greene,1935-12-04,Tanzania
537,Erica Jackson,1957-12-06,Botswana
538,Lindsay Miller,1984-10-28,Armenia
539,Renee Williams,1959-08-09,San Marino
540,Curtis Robinson,1998-01-17,Luxembourg
541,Adrienne Moreno,1959-03-02,Micronesia
542,Samuel Brennan,1960-05-10,Bahamas
543,Alex Jacobs,1944-10-18,Senegal
544,Gordon Ford,1950-03-29,Montserrat
545,Heather Graves,1941-02-10,Sudan
546,Sherry Joseph,1958-04-22,Finland
547,Tammy Kelly,1986-11-20,Morocco
548,Diane Campbell,1960-02-12,South Georgia and the South Sandwich Islands
549,Autumn Garcia DVM,1969-11-03,Iraq
550,Dr. Curtis Jenkins,1949-06-17,Turks and Caicos Islands
551,Wendy Ramirez,1937-08-17,Papua New Guinea
552,Melissa Flores,1951-01-11,Burkina Faso
553,Marie Martinez,1963-06-08,Burkina Faso
554,Cheryl Le,1992-04-08,Togo
555,James Jackson,1960-07-25,Indonesia
556,Kimberly Perez,1997-05-11,Honduras
557,Kevin Hamilton,1984-07-10,Nicaragua
558,William Jones,2000-02-15,Turkey
559,John Serrano,1956-08-29,Russian Federation
560,Joyce Hernandez,1951-11-11,Djibouti
561,Rebecca Smith,1948-01-11,Palau
562,Brandon Vazquez,1976-07-15,Croatia
563,Debbie Miller,1992-10-07,France
564,Lauren Fields,1940-02-14,Cote d'Ivoire
565,Deborah Cobb,1999-11-07,Jamaica
566,Michael Shaw,1974-01-05,Antarctica (the territory South of 60 deg S)
567,Christina Jennings,2000-08-13,Jordan
568,Joel Hughes,1952-01-10,Svalbard & Jan Mayen Islands
569,Hannah Allison,1993-07-15,Iraq
570,Juan Barnes,1982-12-15,Cocos (Keeling) Islands
571,Rachel Gray,1961-07-09,Antarctica (the territory South of 60 deg S)
572,Robyn Beasley,1941-11-07,Palestinian Territory
573,Mr. Elijah Harris,1980-06-29,Burundi
574,Brian Palmer,1985-05-29,Italy
575,Christopher Lee,1986-03-31,Gibraltar
576,Joshua Wagner DVM,1951-01-06,Tunisia
577,Stefanie Hanna,1995-08-17,New Caledonia
578,Dawn Mcclure,1934-07-24,Suriname
579,Michael Alvarado,1964-06-07,Liberia
580,Jennifer Hernandez,1967-07-27,Slovenia
581,Darrell Kirk,1962-02-04,France
582,Jennifer Mcneil,1935-02-18,Netherlands
583,Ashley Roman,2001-09-02,Bermuda
584,Linda Bailey,1935-12-13,Portugal
585,Joshua Campos,1996-09-18,South Georgia and the South Sandwich Islands
586,Tami Brady,1996-01-14,Romania
587,Aaron Odom,1941-01-17,British Virgin Islands
588,Brianna Le,1969-06-14,Venezuela
589,Larry Alexander,1937-10-03,Lao People's Democratic Republic
590,Kevin Anderson,1982-03-27,Armenia
591,Samantha Rojas,1935-07-30,Bhutan
592,Scott Jones,1947-03-05,Guinea
593,Kimberly Stewart,1939-07-05,Eritrea
594,Brenda Kelley,1994-12-20,Mali
595,Charles Ellison,1994-12-28,Gambia
596,Lauren Willis,1954-04-19,Antigua and Barbuda
597,Michael Bush,1992-04-13,Gabon
598,Christopher Harris,1941-03-22,Martinique
599,Emily Shannon,1991-02-17,Seychelles
600,Julia Hoover,1980-08-15,Guam
601,Stephanie Reeves,1936-04-05,Greece
602,Robin Cruz,1996-11-08,Philippines
603,David Taylor,1974-11-06,South Georgia and the South Sandwich Islands
604,Aaron Price,1947-05-06,United States of America
605,David Anderson MD,1994-12-24,Guernsey
606,Ryan Miller DDS,1990-03-08,Barbados
607,Jonathan Griffin,1972-03-07,Saint Martin
608,Charles Hall,1996-06-04,Singapore
609,Mariah Schultz,1979-12-09,Timor-Leste
610,Yvette Lee,1991-12-17,Burundi
611,Zachary Green,1974-03-08,Hungary
612,Isaiah Cunningham,1939-12-05,Comoros
613,Kristy Todd,1981-11-19,Sweden
614,Amy Duffy,1947-10-07,Croatia
615,Elizabeth Ramirez,1988-01-29,Uganda
616,Randy Hill,1944-07-04,Taiwan
617,Matthew Howard,1951-05-05,Palestinian Territory
618,Derek Hood,1943-11-16,Oman
619,Richard Hunter,1939-06-06,United States of America
620,Joel Burke,1941-01-09,Suriname
621,Connor Stewart,1972-08-09,Cocos (Keeling) Islands
622,Robert Richardson,1997-08-11,Lesotho
623,Mark Pope,1934-10-09,United States Minor Outlying Islands
624,Kristin Morrison,1957-07-19,British Indian Ocean Territory (Chagos Archipelago)
625,Bethany Dawson,1948-03-19,Tokelau
626,Jennifer Miller,1977-03-21,Mayotte
627,Kristen Mcneil,1962-07-15,Saint Barthelemy
628,Adrian Gutierrez,1974-06-07,Myanmar
629,Lisa Torres,1998-08-12,Cote d'Ivoire
630,Keith Orozco,1976-07-16,Guinea
631,Monica May,1978-04-11,Myanmar
632,Sandra Stanton,1958-12-26,Lesotho
633,Paige Morales,1950-02-12,United States Virgin Islands
634,Christian Green,1955-10-19,British Indian Ocean Territory (Chagos Archipelago)
635,Jose Munoz,1958-12-07,Hong Kong
636,Karen Gonzalez,1965-10-14,Guatemala
637,Laura Martinez,1977-05-13,Poland
638,Anthony Dalton,2004-02-01,Gibraltar
639,Rachel Brown,1938-05-04,Azerbaijan
640,Jill Vargas,1959-08-24,Wallis and Futuna
641,Jason Murphy,1977-06-15,Gambia
642,Douglas Alvarado,1997-10-25,Ukraine
643,Eugene Phillips,1950-01-30,Somalia
644,Julie Higgins,1961-04-15,Western Sahara
645,Thomas Smith,1960-10-02,Sierra Leone
646,James Powell,1983-04-01,India
647,James Perez,1997-06-22,Albania
648,Kathleen Browning,1998-07-06,Benin
649,Willie Vance,1981-10-02,Panama
650,Jimmy Simmons,1979-04-13,Mauritius
651,Adam Phillips,2001-02-22,Romania
652,Deanna Johnson,1944-03-09,Czech Republic
653,William Fisher,1997-02-17,Guernsey
654,Sandra Avila,1981-02-14,Uzbekistan
655,Ryan Carroll,2002-08-23,Guatemala
656,Johnny Li,1979-12-30,Jamaica
657,Mark Nelson,1953-03-24,Zambia
658,Wesley Cooper,1956-01-14,Cote d'Ivoire
659,Marc Hodges,1950-05-21,Bangladesh
660,Joshua Carey,1936-08-19,Argentina
661,Jeremiah Moore,1942-07-16,Romania
662,Nicole Ortiz,1963-03-27,Ukraine
663,James Hopkins,1962-05-22,Nicaragua
664,Jaime Love,1995-11-01,Japan
665,Jeffrey Cunningham,1947-11-05,Antigua and Barbuda
666,Tammy Buchanan,1937-11-10,Saint Lucia
667,Bradley Martinez,1944-03-15,Djibouti
668,Travis Brown,1993-12-23,Portugal
669,Regina Holland,1967-02-13,United Arab Emirates
670,Matthew Duke,1978-10-29,Libyan Arab Jamahiriya
671,Timothy Beltran,1986-04-23,Canada
672,James Horton,1986-01-01,Switzerland
673,Angela Wade,1982-11-19,Ukraine
674,Glenn Larson,1952-03-19,Uzbekistan
675,Sheila Parks,1996-07-16,Kenya
676,Ryan Franklin,1980-08-31,Senegal
677,James Delgado,1934-10-31,Palau
678,Trevor Lucas,1950-08-30,United Kingdom
679,Patricia Esparza,1936-10-07,Maldives
680,Barbara Hobbs,1984-06-25,Indonesia
681,Cody Maldonado,1963-09-21,Angola
682,Oscar Griffin,1958-07-16,Tajikistan
683,Sarah Friedman,1953-11-29,Guyana
684,James Davis,1940-07-28,Bangladesh
685,Tracy Smith,1953-06-13,Antarctica (the territory South of 60 deg S)
686,Kerri Freeman,1938-03-18,Aruba
687,Gregory Johnson,1937-01-26,Montserrat
688,Johnny Mcguire,1971-10-11,Guinea-Bissau
689,Matthew Kaiser,1997-05-17,Anguilla
690,Brenda Davis,1964-06-10,Afghanistan
691,Brenda Davila,1964-11-04,Samoa
692,Erin Wood,2002-10-25,Guam
693,Kelly Howard,2002-02-10,Malta
694,Robert Martin,1997-05-28,Kyrgyz Republic
695,Ethan Cooper,2003-08-19,Estonia
696,Elizabeth Johnson,1941-05-17,Togo
697,Christopher Anderson,1945-05-07,Cuba
698,Amanda Price,1941-04-17,Finland
699,Elizabeth Gutierrez,2003-04-03,Netherlands
700,Krystal Guerrero,1951-11-21,Kuwait
701,Colin Garcia,1941-01-08,Congo
702,Elizabeth Hamilton DDS,2000-01-19,Guyana
703,Melissa Petersen,1973-02-13,Cuba
704,Leslie Harris,1940-10-04,Brunei Darussalam
705,Cheryl Murphy,1977-03-29,Iceland
706,Nicole Mitchell,2003-01-28,Tunisia
707,Elizabeth Hernandez,1955-07-15,Christmas Island
708,Jason Hutchinson,1939-08-16,Egypt
709,Julia Moore,1972-12-08,Cape Verde
710,Brandon Thompson,1962-04-15,Guam
711,Jordan Juarez,1978-12-29,Netherlands
712,Austin Sanchez,1970-12-02,Netherlands Antilles
713,Nathan Adams,1941-07-21,Bhutan
714,Stephen Williams,1961-02-08,Mongolia
715,Matthew Stafford,1994-08-11,Seychelles
716,David Lane,1984-01-07,Grenada
717,Dr. Amber Collier,1974-05-24,Monaco
718,Robert Patterson,1978-05-28,Hungary
719,Rebekah Dominguez,1964-01-19,Western Sahara
720,Ashley Smith,1990-01-19,Sudan
721,Michelle Williamson,1938-06-22,Tokelau
722,Wendy Avila,1957-02-07,Zimbabwe
723,William Osborn,1951-08-18,China
724,Jessica Craig,2002-09-17,Senegal
725,Zachary Figueroa,1973-04-08,Antigua and Barbuda
726,Erica Fuller,1985-05-01,Isle of Man
727,Gina Jones,1963-05-01,Swaziland
728,Kelly Mitchell,1935-10-13,Central African Republic
729,Stacey Reed,1992-08-05,Latvia
730,Shannon Meyer,1940-03-26,Brazil
731,Traci Martin,1955-12-03,Colombia
732,John Martinez,1949-06-21,Madagascar
733,Holly Lara,1979-01-04,Ethiopia
734,Pedro Andersen,1995-01-14,Switzerland
735,Jessica Blake,1995-10-23,Philippines
736,Timothy Berry,1952-01-07,Tajikistan
737,Nicholas Vasquez,1979-07-08,Syrian Arab Republic
738,Daniel Booth,1990-03-31,French Southern Territories
739,Charles Gillespie,1971-03-22,Belgium
740,Shaun Meza,1961-05-04,Montserrat
741,Mr. Brian Sexton MD,1938-12-12,Qatar
742,Denise Holt,1970-02-19,Mayotte
743,Lisa Green,1961-11-26,Serbia
744,Samantha Mcguire,1967-02-15,Denmark
745,Justin Collins,1962-11-01,Bulgaria
746,Kristen Jimenez,2001-11-27,Korea
747,Lisa Glover,2002-01-08,Chad
748,Denise Armstrong,1960-06-03,Niue
749,Rebecca Knight,1998-12-21,Iraq
750,Cassandra Richardson,1997-05-18,Peru
751,Sarah White,1957-12-09,Indonesia
752,Jeffrey Weeks,1951-01-27,Angola
753,Nancy Knox,1993-09-15,Argentina
754,Douglas Beck,1962-03-28,Saint Helena
755,Paul Fisher,1993-08-18,Saudi Arabia
756,Michael Garza,1942-12-23,Suriname
757,Melody Marshall,1964-05-10,Russian Federation
758,Jaime Bennett,1948-12-22,British Indian Ocean Territory (Chagos Archipelago)
759,Courtney Blanchard,1979-12-22,Moldova
760,Christopher Martin,1963-10-25,San Marino
761,Christine Jackson,1937-06-21,Falkland Islands (Malvinas)
762,Randy Aguilar,2002-12-23,Japan
763,Chelsea Hunter,1984-11-05,Puerto Rico
764,Jay Townsend,1979-03-09,Uruguay
765,Henry Williams,1940-09-01,Pitcairn Islands
766,Phyllis Marks,1934-06-13,Slovakia (Slovak Republic)
767,Haley Lara,1992-10-23,Portugal
768,Rachel Oliver,1962-10-19,Namibia
769,Julie Mills,1956-03-14,Luxembourg
770,Paul Perez,1974-11-26,Dominica
771,Heather Gilbert,1952-10-01,Cameroon
772,Jessica Allen,1989-05-18,Palestinian Territory
773,Mr. Carl Reyes,1952-04-27,Uzbekistan
774,Rodney Vaughn DDS,1952-01-18,Pitcairn Islands
775,John Taylor,1983-10-27,France
776,John Moody,1949-06-13,Kiribati
777,Leslie Richards,1942-02-04,New Caledonia
778,Michael Jackson,1956-06-26,Germany
779,Terry Johnson,2001-01-29,Dominica
780,Elizabeth Hall,1964-06-03,Cote d'Ivoire
781,Eric Davis,1992-08-29,Croatia
782,Alexandria Dalton,1940-02-07,Brazil
783,Brian Acosta,1992-01-27,Mozambique
784,Daniel Rivera,1948-10-22,Netherlands
785,Cynthia Ramos,1989-09-01,Mongolia
786,Jay Mora,1999-10-08,Bangladesh
787,Erin Figueroa,1945-05-16,Pakistan
788,Christina Lyons,1978-10-29,Burundi
789,Krista Brown,1994-06-30,Iran
790,Connie James,1941-03-25,Senegal
791,Jonathan Evans,1961-04-10,Saint Kitts and Nevis
792,James Andersen,1989-07-19,Saint Kitts and Nevis
793,Carl Tucker,1985-06-09,Sri Lanka
794,Jane Rodriguez,1953-08-08,Estonia
795,George Irwin,1989-09-15,Australia
796,Brandon Thomas,2004-10-25,Taiwan
797,Amanda Johnson,1946-08-24,Trinidad and Tobago
798,Terry Webster,1998-05-19,Argentina
799,Patricia Nunez,1962-07-03,Cayman Islands
800,Brian Harding,1940-05-28,Seychelles
801,Karen Olson,1969-08-29,Mali
802,Victor Thomas,1936-02-12,Trinidad and Tobago
803,Julie Rivas,1938-06-06,San Marino
804,Brandi Hudson,1960-12-07,Trinidad and Tobago
805,Patricia Burke,2003-07-27,Algeria
806,Christine Chambers,1964-02-13,Central African Republic
807,Kathleen Bailey,1969-08-03,Sweden
808,Vincent Rodriguez,1965-10-19,Greece
809,Richard Stevenson,1963-02-01,Armenia
810,David Kerr,1934-03-03,Faroe Islands
811,Jonathan Lambert,1943-05-25,Nigeria
812,Amy Smith,1972-03-04,Western Sahara
813,Melanie Jensen,1986-06-13,Saint Barthelemy
814,Alisha Hill,1986-07-20,Myanmar
815,Juan Watkins,1946-08-27,Chad
816,Rachel Carter,1998-09-06,Panama
817,Keith Barker,1941-05-06,Montserrat
818,Barbara Simpson,1945-03-23,Chile
819,Seth Aguilar,1991-07-27,Belize
820,Christopher Smith,1991-02-11,Turks and Caicos Islands
821,Jamie Garcia,1944-10-29,Christmas Island
822,David King,1966-10-29,Liberia
823,Christine Harrison,1960-03-18,Cameroon
824,Jacob Lee,1952-05-11,Malaysia
825,Jose Reilly,1984-06-11,Morocco
826,Angela Nelson,1973-01-18,France
827,Stephanie Graves,2000-04-17,Slovakia (Slovak Republic)
828,Gina White,2000-11-11,Bahamas
829,Lisa Ashley,1956-06-28,Syrian Arab Republic
830,Marcus Taylor,1977-01-06,French Southern Territories
831,James Brown,1980-10-29,United States Minor Outlying Islands
832,Gregg Fitzgerald,1964-10-21,Albania
833,Jonathan Woods,1977-04-26,Luxembourg
834,Danielle Cain,1954-08-22,United States of America
835,Michael Mccullough,1975-09-09,Korea
836,Nicole Howe,1936-01-17,France
837,Zachary Beard,1992-07-10,Cocos (Keeling) Islands
838,Corey Roberts,1955-05-03,Martinique
839,Katelyn Potter,1943-11-18,Poland
840,Jessica Bautista,1968-08-20,Christmas Island
841,Susan Martin,2000-10-10,French Polynesia
842,Kaitlin Wilkerson,2001-11-17,Barbados
843,Joshua Moore,1996-06-23,Papua New Guinea
844,Matthew Hood,1976-07-08,Falkland Islands (Malvinas)
845,Janice Salazar,2001-06-20,British Virgin Islands
846,Robyn Knight,1975-03-25,Bosnia and Herzegovina
847,Kimberly Young,1952-04-06,Germany
848,Shannon Horton,1997-05-28,Christmas Island
849,Kendra Mills,1956-11-04,Italy
850,Brady Reyes,1988-03-25,Guadeloupe
851,Tina West,1995-03-08,Kenya
852,Jessica Stout,1959-03-06,Honduras
853,Steven Smith,1939-12-26,Palau
854,Kayla Rodriguez PhD,1937-01-27,Denmark
855,Whitney Daniels,1934-11-28,United Arab Emirates
856,Benjamin Stevenson,1952-07-23,Lao People's Democratic Republic
857,Carmen Martin,1937-09-18,Andorra
858,David Hall,1957-03-14,Macao
859,Megan Nelson,1980-10-26,Ecuador
860,William Brown,1994-08-30,Italy
861,Patricia Frank,1951-07-25,Luxembourg
862,Taylor Ray,1949-09-20,Yemen
863,Paul James,1948-04-12,Norway
864,Mathew Garcia,1938-01-25,Mali
865,Angelica Rice,1980-08-28,Moldova
866,Erin Lawrence,1992-09-01,Puerto Rico
867,Daniel Reid,1985-01-27,Holy See (Vatican City State)
868,James Thomas,1950-11-11,Belgium
869,Bryan Huff,1993-01-03,Israel
870,Michelle Blair,1939-04-06,Finland
871,Glenn Lynch,1947-11-17,Eritrea
872,Kristen Lopez,1997-05-09,Italy
873,Hannah Scott,1999-06-12,Chile
874,Christopher Ramos,1990-09-02,Montenegro
875,Julia Roberts,1997-08-28,Canada
876,Scott Klein,1994-03-07,Bahrain
877,Kimberly Hughes,1971-12-19,Greece
878,Kristy Cox,2001-02-04,Uzbekistan
879,Courtney Quinn,1996-11-30,Eritrea
880,Jason Gonzalez,1974-10-24,Kenya
881,Justin Blankenship,1998-01-02,Zambia
882,Ashley Doyle,1966-06-17,Cape Verde
883,Rachel Cherry,1998-05-10,Fiji
884,Kathy Scott,1950-08-28,Comoros
885,Nicholas Richmond,1947-01-03,Saint Lucia
886,Amber Walker,1955-04-10,Ghana
887,Brady Green,1971-01-22,Chile
888,Hector Carter,1937-12-31,Tonga
889,Betty Powell,1969-08-03,United States Virgin Islands
890,Gina Newman,1978-10-08,Estonia
891,Vickie Farrell,1995-08-31,Liechtenstein
892,Wendy Murphy,1952-09-12,Kazakhstan
893,Jorge Munoz,1941-02-26,Montserrat
894,Jessica Castaneda,1990-08-08,Belize
895,Stephanie Fritz,1993-04-09,Martinique
896,Linda Wiley,1968-02-05,Belarus
897,Angela Flores DVM,1983-12-14,Puerto Rico
898,Vanessa Sanchez,1998-11-13,Antarctica (the territory South of 60 deg S)
899,Karen Bennett,1998-11-16,Austria
900,Jeremiah Walters,1979-10-07,Belgium
901,Michael Jones,1972-11-28,Malta
902,Cathy Crawford,1990-04-23,Slovakia (Slovak Republic)
903,David Nguyen,1967-02-11,Czech Republic
904,Julie Palmer,1994-10-11,Cayman Islands
905,Devin Porter,1976-12-04,Mauritania
906,Michael Hanna,1936-02-03,Aruba
907,Howard Yoder,1946-01-28,Grenada
908,Brittney Davis,2003-08-08,Tunisia
909,Carol French,1970-08-01,Congo
910,Michaela Moore,1988-06-19,Togo
911,Evan Stevens,2001-05-10,Aruba
912,Sharon Hunter,1988-10-25,Tajikistan
913,Phillip Orozco,1962-03-05,Belize
914,Jodi Wright,1952-10-19,Colombia
915,Susan Wells,1998-06-18,Dominica
916,Derrick Murray,1942-04-25,Mozambique
917,Erica Johnson,1962-06-10,Pakistan
918,Steven Hopkins,1956-11-10,Mayotte
919,Lisa Perez,1994-08-28,Belize
920,Morgan Russell,1971-07-08,Belgium
921,Richard Cardenas,1948-01-05,Luxembourg
922,Paul Walker,1981-11-20,Afghanistan
923,Michelle Brown,1942-05-29,Saint Kitts and Nevis
924,Kelly Andrews,1965-04-07,Turkey
925,Matthew Keller,1946-10-18,New Zealand
926,Patrick Roberts,1997-06-22,Somalia
927,Stanley Hammond,1979-12-23,Malawi
928,William Schmidt,1983-03-07,Brazil
929,Darius Smith,1991-11-03,Yemen
930,Jessica Smith,1965-08-26,Seychelles
931,Steven Garcia,2001-02-08,Saint Kitts and Nevis
932,Nicholas Moore,1995-12-05,Guinea
933,Timothy Terrell,1977-06-18,Oman
934,Michael Parker,2004-11-26,Australia
935,Aaron Reilly,1935-01-19,Niue
936,Mrs. Casey Phillips MD,1969-03-05,Somalia
937,Alexander Banks,1956-07-09,Saint Helena
938,Jamie Moreno,1992-11-14,Western Sahara
939,Kevin Watson,1961-01-14,Eritrea
940,Kelly Wilson,1968-11-21,Bahamas
941,Melissa Barker,1974-02-28,Tokelau
942,Krista Olson,1941-11-01,Belgium
943,Diana Collier,1949-10-30,Poland
944,Jeff Williams,1942-12-09,Azerbaijan
945,Richard Cochran,1964-10-15,Mayotte
946,Tyler Hall,1986-07-25,Niue
947,William Sweeney,1957-11-16,Morocco
948,Ashley Werner,1934-08-31,Dominica
949,Andrea Leblanc,1975-10-19,Saint Vincent and the Grenadines
950,Kayla Johnson,1977-06-09,Suriname
951,Steven Caldwell,1983-10-03,Palestinian Territory
952,Mario Taylor,1987-08-08,United States Minor Outlying Islands
953,Clifford Davis,1998-12-25,Timor-Leste
954,Stephen Smith,1963-08-27,Qatar
955,Justin Cook,1939-05-26,Saudi Arabia
956,Mrs. Patricia Mahoney,1997-10-14,Finland
957,John Roberts,1961-11-23,Israel
958,Mr. Mark Lane MD,1959-07-30,Yemen
959,James Lam,1958-04-28,Benin
960,Dustin Ruiz,2002-04-27,Nauru
961,Mallory Brown,1967-11-22,Reunion
962,Crystal Taylor,1957-03-27,Qatar
963,Mr. Joseph Alvarez,1985-11-23,Tunisia
964,Meagan Watson,1938-04-03,Montserrat
965,Mr. James Thomas,1974-10-02,Ecuador
966,Mike Cross,1987-02-25,Turks and Caicos Islands
967,James Boone,1995-05-20,Poland
968,Raven Bradley,1964-10-02,Somalia
969,Brandon Clark,1975-08-15,Latvia
970,Drew Waters Jr.,1942-12-10,Norway
971,Gene Black,1965-08-08,Tokelau
972,Allison James,1999-11-01,Trinidad and Tobago
973,Richard Lowe,1950-12-04,Palau
974,Shelby Sanchez,1934-05-23,Tunisia
975,Ana Johnston,1949-07-07,Cayman Islands
976,Devon Bennett,1979-02-27,Bahrain
977,Kathleen Young,1962-10-14,Honduras
978,Destiny Johnson,1941-12-10,Saudi Arabia
979,Tammy Holmes,1979-05-27,Saint Helena
980,Natasha Morrison,1953-09-11,Timor-Leste
981,Douglas Russell,1987-01-31,British Virgin Islands
982,Isaac Sandoval,1937-11-14,Slovakia (Slovak Republic)
983,Christina Williams,1943-06-08,San Marino
984,John Avila,1966-07-30,Saint Lucia
985,Nicholas Park,1965-06-24,Liberia
986,Yvonne Price,1981-05-18,Iraq
987,Anthony Vargas,1964-03-21,Montenegro
988,Adam Walker,2001-03-30,Papua New Guinea
989,Joshua Wilkins,1975-01-30,South Africa
990,David Suarez,1934-07-24,Senegal
991,Shirley Davis,1964-10-30,Nicaragua
992,Julie Villanueva,1974-05-20,Macedonia
993,Richard Faulkner,1986-11-28,Saint Vincent and the Grenadines
994,Adam Lynn,1982-09-18,Turkey
995,Brandon Richardson,1986-06-09,Costa Rica
996,Michael Henderson,1935-10-19,Rwanda
997,Richard Sanders,1949-05-25,Palestinian Territory
998,Justin Shelton,1991-09-16,Madagascar
999,Austin Tran,1945-08-29,Bhutan
1000,Stacy Daugherty,1979-06-10,Wallis and Futuna
1001,Norma Thomas,1976-10-02,Jamaica
1002,Timothy Jones,1966-03-16,Serbia
1003,Nicholas Cantrell,1940-11-02,United Arab Emirates
1004,Anna Keith,1938-09-25,Brunei Darussalam
1005,Matthew Williams,1950-04-17,Indonesia
1006,Anna Carrillo,1955-08-29,Portugal
1007,Gina Vasquez,1999-09-19,Belgium
1008,Kenneth Santiago,1961-08-13,Marshall Islands
1009,Austin Gross,1963-04-06,Guernsey
1010,Holly Mclaughlin,1993-06-27,French Polynesia
1011,Shane West,1953-01-15,Syrian Arab Republic
1012,Brian Johnson,1983-07-04,Antarctica (the territory South of 60 deg S)
1013,Sean Ramirez,2001-02-02,Cook Islands
1014,Alexander King,1990-03-11,Israel
1015,Michael Rocha,1951-01-19,Falkland Islands (Malvinas)
1016,Mr. Joseph Anderson Jr.,1965-06-30,Palestinian Territory
1017,Gina Drake,1987-08-29,Seychelles
1018,Megan Chan,1962-10-24,South Georgia and the South Sandwich Islands
1019,Andrea Henry,1973-01-02,Thailand
1020,Jennifer Russell,1945-09-03,Swaziland
1021,Terri Blair,1947-11-05,Mayotte
1022,Mary Chandler,1972-03-04,France
1023,Jessica Blevins,1935-03-24,Congo
1024,Brittany Ramos,1936-12-02,Libyan Arab Jamahiriya
1025,Michael Reed,1956-10-20,Bahrain
1026,Jerry Cooper,1950-06-03,Svalbard & Jan Mayen Islands
1027,Erin Romero,2003-07-23,Antarctica (the territory South of 60 deg S)
1028,Deborah Walker,1999-10-12,Serbia
1029,Nicholas Roberson,1966-04-17,Slovakia (Slovak Republic)
1030,Patricia Fuller,1987-01-15,Hong Kong
1031,Michael Joyce,2000-02-21,Benin
1032,Tammy Morris,1941-04-25,Korea
1033,Kathleen Robles,1965-04-24,Saint Martin
1034,Jane Bell,1967-04-06,Benin
1035,Molly Gomez,1984-08-08,Saint Kitts and Nevis
1036,Tara Davis DVM,1940-10-29,Cook Islands
1037,John Espinoza,1975-08-20,Libyan Arab Jamahiriya
1038,Mark Allen,1949-12-30,Egypt
1039,Mr. John Carter DDS,1991-12-10,Vanuatu
1040,Elizabeth Williams,1952-04-11,Cape Verde
1041,Adam Baker,1943-12-15,Costa Rica
1042,Christopher Castro,1987-03-21,Botswana
1043,John Cruz,1980-03-05,Vietnam
1044,Randy Hall,1997-10-21,Canada
1045,Christopher Ryan,1970-06-17,Niger
1046,Justin Avery,1938-01-12,Argentina
1047,Maria Parks,1973-03-30,Burundi
1048,Mark Aguilar,1975-03-07,Swaziland
1049,Judy Williams,1950-01-03,Bhutan
1050,Richard Morse,1962-06-23,Costa Rica
1051,Cheryl Sims,1961-01-26,Hong Kong
1052,Abigail Garrett,1971-12-27,Guatemala
1053,David Orr,1972-07-25,Saint Kitts and Nevis
1054,Sharon Hudson,1942-10-31,Saint Barthelemy
1055,Matthew Adams,1981-04-14,Myanmar
1056,Elizabeth Thomas,1936-10-16,Libyan Arab Jamahiriya
1057,Frances Miller,2004-10-01,Eritrea
1058,Justin Oneill,1997-03-06,Jersey
1059,Brian Turner,1980-03-02,Lebanon
1060,Joseph Russell,1955-02-03,Palestinian Territory
1061,Teresa Gibson,1974-05-09,Sri Lanka
1062,Jimmy Burgess,1994-12-21,Saint Kitts and Nevis
1063,Leah Shelton,1969-07-27,Comoros
1064,Donna Freeman,1988-10-23,Georgia
1065,Jonathan Lewis,1983-09-06,Vanuatu
1066,Shannon Joyce,1989-09-25,Bangladesh
1067,Michelle Sellers,1958-01-01,Bhutan
1068,Angela Hicks,1986-04-27,Burundi
1069,Chase White,2002-04-09,Peru
1070,Cynthia Pope,1945-05-25,Grenada
1071,Rose Sawyer,1944-04-04,Mali
1072,Martha Maldonado,1964-10-12,Cayman Islands
1073,Bryan Chambers,1972-11-21,Cayman Islands
1074,Molly Fisher,1982-07-17,Aruba
1075,Joseph Wise,1952-01-25,Pakistan
1076,Linda Stanton,1935-09-20,Croatia
1077,Sylvia Thompson,1985-09-08,Korea
1078,Andrew Sandoval,1969-10-06,Thailand
1079,Anne Thompson,1970-02-22,Mozambique
1080,Tyler Patton,1941-06-15,Wallis and Futuna
1081,Charles Ellis,1999-12-21,Macao
1082,Yvonne Bowman,1975-04-20,Monaco
1083,Jeffery Adams,1951-10-18,Vanuatu
1084,Michele Summers,1982-10-30,Falkland Islands (Malvinas)
1085,Janice Black,1955-01-29,Anguilla
1086,Daniel Ellis,1965-01-25,Korea
1087,Stacy Bowman,1960-03-18,Colombia
1088,Brett Evans,1951-02-11,Libyan Arab Jamahiriya
1089,Susan Reed,1963-01-25,Jamaica
1090,Shannon Davis,1972-09-04,Cayman Islands
1091,Kevin Vance,1995-04-16,Philippines
1092,Nicholas Pineda Jr.,1978-09-19,Burkina Faso
1093,Lisa Fry,1944-08-16,Sudan
1094,Justin Harvey,1983-07-04,Norway
1095,Rachel Patel,1940-10-25,United States of America
1096,Alice Morris MD,2002-01-21,Sudan
1097,Donald Williams,2000-09-16,Wallis and Futuna
1098,Katherine Ball,1971-09-04,Sao Tome and Principe
1099,Tracy Savage,1988-01-30,Botswana
1100,Amanda Booker,1996-05-18,Nauru
1101,Stephanie Figueroa,1964-11-14,Georgia
1102,Dana Chambers,1965-03-23,South Georgia and the South Sandwich Islands
1103,Mary Rollins,1957-07-05,San Marino
1104,Cheryl Davidson,1986-01-27,Bahamas
1105,Sara Gomez,1941-03-08,Liberia
1106,Shannon Mccarthy,1985-02-12,Montenegro
1107,Bradley Stuart,1971-08-07,Guatemala
1108,Susan Harris,1998-12-13,Uzbekistan
1109,Robert Williams,2000-02-11,Tokelau
1110,Jessica Campbell MD,1944-04-18,Brunei Darussalam
1111,Denise Scott,1941-10-29,Vanuatu
1112,Anthony Howard,1950-06-05,Dominica
1113,Trevor Freeman MD,1980-01-21,Cape Verde
1114,Zoe Spencer,1969-01-04,Vietnam
1115,Angela Dominguez,2001-05-15,Liechtenstein
1116,April Porter,1966-03-30,Grenada
1117,Craig Patterson,1978-05-02,United Arab Emirates
1118,Anthony Wilson,2005-01-09,Korea
1119,Lori Marshall DDS,1951-09-17,Jordan
1120,Sheri Haynes,1994-02-08,Uganda
1121,Kathryn Rivera,1970-10-16,Netherlands
1122,Jennifer Luna,1950-05-17,Mexico
1123,Mr. Joseph Taylor DDS,1961-04-19,Sudan
1124,Julie Mcintosh,2002-08-07,Aruba
1125,Hannah Arellano,1963-10-23,Japan
1126,Daniel Warren,1978-07-20,United States Minor Outlying Islands
1127,Jacqueline Garza,1956-06-26,Turks and Caicos Islands
1128,Jean Moore DDS,1976-06-15,Romania
1129,Hannah Lee,2003-03-12,South Africa
1130,Tamara Haynes,1954-11-19,Bouvet Island (Bouvetoya)
1131,Peter Reed,1954-11-13,Bosnia and Herzegovina
1132,Sean Bryant,1982-05-15,Chile
1133,James Decker,1991-04-30,Saint Lucia
1134,Jennifer Luna,1937-05-31,Tonga
1135,Kelli Stephenson,1945-03-26,Malawi
1136,Crystal Curry,1985-06-02,Bahamas
1137,Mary Robinson,1957-09-27,Norfolk Island
1138,David Tyler DVM,1983-08-09,Djibouti
1139,Alyssa Walker,1986-07-13,Guam
1140,Kelsey Davis,1952-03-06,British Virgin Islands
1141,Bruce Sims,1952-10-08,United States of America
1142,Laurie Martin,1993-10-27,Saint Barthelemy
1143,Stacey Sanders,1992-03-10,Afghanistan
1144,Aaron Davis,1940-02-17,Liberia
1145,Dustin Avila,1982-04-25,Chad
1146,Tom Smith,1939-05-11,Nigeria
1147,Todd Cook,1952-07-23,Martinique
1148,Colleen Love,1953-02-09,Croatia
1149,Mark Arnold,2000-08-28,Maldives
1150,Scott Wilson,1994-07-31,Eritrea
1151,James Beasley,1989-04-18,Djibouti
1152,Marcus Smith,1966-12-03,Turks and Caicos Islands
1153,Robert Chambers,1955-01-06,Cyprus
1154,Nicole Johnson,1988-12-25,United States of America
1155,William Williams MD,1969-04-23,Cape Verde
1156,Kimberly Mccarthy,1978-07-03,Mayotte
1157,Kellie Brown,1978-11-26,Oman
1158,Lori Lee,1939-10-04,Antarctica (the territory South of 60 deg S)
1159,Miranda Taylor,1975-09-03,Comoros
1160,Steven Dickerson,1969-07-07,Isle of Man
1161,Charles Roberts,1999-06-02,Egypt
1162,Michael Johnson,1968-08-11,Andorra
1163,Vincent Baker,1970-04-16,Antigua and Barbuda
1164,Gloria Jackson,1964-08-14,France
1165,Sherri French,1993-04-22,Faroe Islands
1166,Pamela Johnson,2001-01-26,Malta
1167,James Chambers,1944-09-20,Antarctica (the territory South of 60 deg S)
1168,Amanda Williams,1956-06-05,Uganda
1169,Paul Howard,1989-04-30,Bahamas
1170,Xavier Moses,1994-08-26,Mauritius
1171,Andrew Harris,2003-09-09,Belarus
1172,Sharon Fuentes,1989-02-04,Georgia
1173,Ryan Williams,1958-02-10,Norfolk Island
1174,Rachel Young,1998-02-16,Turks and Caicos Islands
1175,Nathan Rivera,1991-07-09,Heard Island and McDonald Islands
1176,Jason Morgan,1959-11-03,Somalia
1177,Abigail Bowers MD,1984-11-01,Holy See (Vatican City State)
1178,Alexis Turner,1980-05-12,Angola
1179,Wesley Stephenson,2003-04-03,Faroe Islands
1180,Kelly Fields,1974-12-08,Angola
1181,Mark Santos,1950-12-05,Uganda
1182,Michael Ross,1971-05-26,Djibouti
1183,Jason Erickson Jr.,1947-02-07,Guernsey
1184,James Hickman,1999-10-16,Netherlands Antilles
1185,Michael Ramos,1992-01-26,Malawi
1186,Angela Herring,1992-09-13,Samoa
1187,Laura Greene,1999-11-26,Italy
1188,Susan Strong,2004-08-23,Cuba
1189,Brenda Hill,1968-04-24,Saudi Arabia
1190,Allison Mckinney,1953-04-18,Mauritania
1191,Amy Brown,2004-09-24,Svalbard & Jan Mayen Islands
1192,Jordan Wood,1977-08-10,Turkmenistan
1193,Nathan Miller,1968-08-19,United States of America
1194,Amy Johnson,1968-08-08,Slovenia
1195,Elizabeth Hudson,1972-08-03,Marshall Islands
1196,Kristin Gomez,1950-06-25,Egypt
1197,Christopher Harrison,1983-02-11,Hong Kong
1198,Rachel Gardner,1947-07-18,Mauritius
1199,Christina Rogers,1941-10-10,Marshall Islands
1200,Gregory Jackson,2003-01-29,Niue
1201,Michael Valdez,1937-02-22,Sudan
1202,Lauren Blanchard,1993-08-29,Cocos (Keeling) Islands
1203,Tonya Wilkins,1990-08-18,Macao
1204,Kevin Hill,1971-06-02,Zimbabwe
1205,Christopher Daniels,1958-01-31,Seychelles
1206,Christopher Wilson,1975-10-17,Saint Vincent and the Grenadines
1207,Lee Martin,1948-03-13,Mozambique
1208,Brittany Vaughn,1998-06-03,Israel
1209,Tracey Zimmerman,1975-07-13,Mongolia
1210,Nicole Warren,1987-04-04,El Salvador
1211,Danny Smith,1941-06-25,Uruguay
1212,Kelly Daniels,1941-05-31,Afghanistan
1213,Steven Roberts,1950-02-19,Reunion
1214,Robin Gill,1970-07-08,Australia
1215,Matthew Hernandez,1950-08-23,South Georgia and the South Sandwich Islands
1216,Heather Henderson,1989-09-24,Benin
1217,Scott Johnson,1997-02-04,Cote d'Ivoire
1218,Anna Arias,1972-04-25,United Kingdom
1219,Brenda Perkins,1944-02-05,Tonga
1220,Daniel Fuller,1946-02-22,Malaysia
1221,James Morgan,1976-07-06,Western Sahara
1222,Joseph Lawson,1995-05-04,Finland
1223,Nicholas Johnson,1945-02-26,Angola
1224,Amy Dean,1983-10-07,Eritrea
1225,Katrina Hanson,1953-02-28,Falkland Islands (Malvinas)
1226,Linda Brown,1946-05-28,Central African Republic
1227,Kelly Schultz,1953-06-03,Singapore
1228,Anthony Peters,1986-02-19,Aruba
1229,Joseph Jones,1942-05-15,Tonga
1230,Patrick Chase,1975-08-10,Macao
1231,Derrick Terry,1981-05-11,Malta
1232,Cynthia Scott,1958-09-20,Congo
1233,Margaret Brown,1976-07-19,Trinidad and Tobago
1234,Jennifer Price,1993-10-20,Latvia
1235,Brett Davis,1938-03-17,Kuwait
1236,Madison Miller,1953-12-01,Papua New Guinea
1237,Michael Robinson,1982-04-02,South Georgia and the South Sandwich Islands
1238,Sandra Nelson,1958-07-21,Hungary
1239,Richard Santiago,1981-06-03,Germany
1240,Shannon Bowers,1979-04-23,Malaysia
1241,Jack Cervantes,1993-09-26,Libyan Arab Jamahiriya
1242,Amanda Villanueva,1948-07-04,Madagascar
1243,Connie Leonard MD,1979-01-03,Belarus
1244,Charles Lopez,1945-11-04,Sao Tome and Principe
1245,Patricia Anderson,1954-02-05,Libyan Arab Jamahiriya
1246,Amanda Barron,1972-03-17,Jersey
1247,Christopher Knapp,1943-01-18,Reunion
1248,Kelly Wood,1966-07-12,Zambia
1249,Danielle Cooper,1949-07-29,Malta
1250,Penny Bradshaw,2004-08-19,Uzbekistan
1251,Valerie Coleman,1943-10-17,Singapore
1252,Tamara Ward,1974-11-14,British Indian Ocean Territory (Chagos Archipelago)
1253,Robert Hall,1965-07-21,Morocco
1254,Patricia Young,1970-06-14,Western Sahara
1255,Louis Simon,1958-06-15,Gibraltar
1256,Alexis Thomas,2000-11-14,Australia
1257,Pamela Hensley,1990-06-19,Ghana
1258,Terry Cox,1961-10-13,Austria
1259,Dawn Medina,1979-07-02,Madagascar
1260,Kevin Davis,1948-01-24,Solomon Islands
1261,Timothy Le,1938-08-21,Ethiopia
1262,Angela Marks,1959-06-13,Belize
1263,Scott Vaughn,1978-01-04,Sierra Leone
1264,Susan Long,1990-02-01,Trinidad and Tobago
1265,Frances Simon,1951-11-03,Madagascar
1266,Justin Garrett,1994-11-16,Jersey
1267,Rachel Fisher,1962-07-30,Saint Martin
1268,Holly Fernandez,1973-10-14,Armenia
1269,Patricia Olson,1963-06-25,Papua New Guinea
1270,Cameron Gordon,1990-03-24,Yemen
1271,Wendy Garcia,1979-06-22,Benin
1272,Michael Patterson,1956-02-03,Mayotte
1273,Mercedes Weaver,1996-09-07,Bahamas
1274,Brian Carter,1975-12-06,Slovenia
1275,Robert Hall,2000-01-24,Timor-Leste
1276,Ariana Forbes,2000-05-11,Chile
1277,Mr. Scott Gonzales,1969-06-20,Taiwan
1278,Reginald Alexander,1961-08-31,Singapore
1279,Jeremy Ray,1973-04-14,Cayman Islands
1280,Bryan Johnson,1991-05-22,Macedonia
1281,Nicole Lewis,1998-01-15,Maldives
1282,Megan Bell,1984-07-22,Hungary
1283,Mitchell Holland,1988-04-19,Korea
1284,Matthew Kim,1937-09-27,Tonga
1285,Haley Bradley,1991-05-24,United Kingdom
1286,Michelle Faulkner,1960-04-25,Turks and Caicos Islands
1287,Kelly Smith,1943-02-24,Hungary
1288,Kelly Copeland,1976-10-01,Kyrgyz Republic
1289,Victoria Wu,1968-08-25,Montenegro
1290,John Abbott,1958-06-01,Spain
1291,Nina Ingram,1974-02-01,Argentina
1292,David Montoya,1974-04-17,Morocco
1293,Cynthia Crawford,1983-11-23,Guyana
1294,Jessica Berry,1956-02-09,Lao People's Democratic Republic
1295,Christina Thomas,1972-07-09,Australia
1296,Kristina Olson,1955-08-20,Armenia
1297,William Anthony,1934-04-26,French Guiana
1298,Debbie King,1957-03-16,Norway
1299,Brenda Gibson,1979-11-02,Somalia
1300,Laura Schultz,1994-01-23,Malta
1301,John Sheppard,1956-11-19,Marshall Islands
1302,Jeffrey Paul,1963-06-08,Saint Kitts and Nevis
1303,Katherine Wang,1939-12-14,Denmark
1304,Michael Nichols,1946-12-29,Mozambique
1305,William Ortiz,1973-05-08,Argentina
1306,Christine Villarreal,1989-04-26,Madagascar
1307,Adam Beard,1946-09-15,Jersey
1308,Gregory Owen,1935-01-16,Guam
1309,Valerie Ross,1936-09-11,Guyana
1310,Anthony Wade,2000-11-18,Sao Tome and Principe
1311,Kenneth Hughes,1993-05-26,United Arab Emirates
1312,Allison Powers,1943-12-16,Holy See (Vatican City State)
1313,Xavier Gates,2003-08-30,Morocco
1314,Andrea Berg,1947-04-06,Guinea
1315,Melissa Gomez,1949-09-13,Fiji
1316,Jay Woods,1978-04-13,Saudi Arabia
1317,Susan Allen,1997-10-17,Fiji
1318,Andrew Miller,1973-09-05,Russian Federation
1319,Jeff Maxwell,1996-05-03,Montenegro
1320,Steven Massey,1962-09-25,Macedonia
1321,Carol Parker,1970-10-14,Mongolia
1322,Joseph Young,1956-04-15,Estonia
1323,Karen Martin,1969-09-24,Gibraltar
1324,John Alvarez,2004-09-26,Sudan
1325,Cathy Baird,1961-02-11,Bulgaria
1326,Krista Gardner,1982-07-22,Saint Vincent and the Grenadines
1327,Joel Graham,1961-02-06,Korea
1328,Raymond Lee,1980-04-09,Zambia
1329,Suzanne Olsen,1960-08-18,Netherlands Antilles
1330,Amy Johnson,1969-03-26,Luxembourg
1331,Larry Jones,1945-05-11,Iceland
1332,Michael Randall,1991-10-27,Barbados
1333,Briana Jackson,1986-04-27,Haiti
1334,Alison Clark,1974-04-17,Israel
1335,Carol Meyers,1950-08-14,United States Virgin Islands
1336,Gina Franklin,1942-07-24,Timor-Leste
1337,Gary Johnson,1959-08-14,Micronesia
1338,Melissa Roberts,1992-12-25,Egypt
1339,Bethany French,1971-04-25,Niger
1340,Amy Rodriguez,1942-07-15,Finland
1341,Tiffany Price,1963-02-10,Kyrgyz Republic
1342,Brian Burton,1939-01-01,Antigua and Barbuda
1343,Cassidy Riley,1969-11-04,Fiji
1344,Mark Powell,1963-12-12,Kazakhstan
1345,Kenneth Bryan,2002-02-11,Cuba
1346,Dominic Allen,1970-09-03,Marshall Islands
1347,Jessica Hall,2003-11-01,Malawi
1348,Gregory Porter,1986-08-22,United States of America
1349,Mrs. Laura Jones,1996-03-23,Greece
1350,Matthew Gross,1945-12-09,Mayotte
1351,Kelly Chavez,2003-11-18,Singapore
1352,Nicholas Rogers,2003-07-21,Montenegro
1353,Richard Owens,1982-12-10,Tonga
1354,Stephanie Daniels,2000-09-25,Cook Islands
1355,Daniel Mcintyre,1948-12-06,Korea
1356,Lori Hall,1999-06-12,Tunisia
1357,Pam Hernandez,1936-11-23,Isle of Man
1358,Bobby Davidson,1951-02-28,Niue
1359,Erica Estrada,1972-12-04,Cayman Islands
1360,Mrs. Carol Martinez,1992-03-04,Comoros
1361,Terrance Brown,1958-10-23,Bulgaria
1362,Kathleen Mendez,1936-05-29,Nauru
1363,Amber Mcgrath,1935-12-13,French Southern Territories
1364,Luis Rodriguez,1960-01-23,Aruba
1365,Megan Marquez,1969-07-03,Brazil
1366,Cristina Johnson,1963-02-12,Turkmenistan
1367,Stephanie Carter,1966-03-01,Thailand
1368,Martha Robinson,1941-04-21,Antarctica (the territory South of 60 deg S)
1369,Joseph Johnson,1997-11-18,United Arab Emirates
1370,Justin Ross,1959-07-22,Russian Federation
1371,Benjamin Montoya,1955-05-16,Eritrea
1372,Kenneth Mccoy,1969-10-02,Sao Tome and Principe
1373,Zachary Bryant,1947-05-22,Saint Lucia
1374,Morgan Reynolds,1954-04-21,Czech Republic
1375,Andrea Watson,2004-01-21,Burundi
1376,April Lawrence,1971-12-18,Antigua and Barbuda
1377,Shaun Foster,1960-04-27,Macedonia
1378,Alicia Bryant,1994-03-04,Bahrain
1379,Paul Huffman,1975-09-16,Isle of Man
1380,Heidi Ross,1955-12-25,Kenya
1381,Joshua Edwards,1956-04-30,Macao
1382,Shane Brown,1987-05-17,United Arab Emirates
1383,Edward Sutton,1992-12-14,Luxembourg
1384,Joshua Brown,1951-12-03,Solomon Islands
1385,Mark Black,1966-09-16,Cape Verde
1386,Ryan Davis,2004-02-24,Falkland Islands (Malvinas)
1387,John Young,1967-01-03,Kazakhstan
1388,Kevin Blake,1941-03-12,Switzerland
1389,Jessica Morris,1934-03-11,Turkey
1390,Melissa Nelson,2000-10-06,New Zealand
1391,Connie Castro,1957-04-29,United Arab Emirates
1392,Jason Wyatt,1992-01-07,Kuwait
1393,Molly Ramirez,1947-10-20,United Arab Emirates
1394,Brenda Matthews,1984-09-12,Guinea-Bissau
1395,Valerie Castillo,1983-09-22,El Salvador
1396,Gerald Garcia,1969-05-31,Philippines
1397,Jennifer Craig,1966-07-31,Bolivia
1398,William Hicks,1999-04-12,Colombia
1399,John Chang,1944-09-11,Kazakhstan
1400,Kelly Cooper,1939-11-28,Saudi Arabia
1401,Teresa Lowery,1993-09-28,Falkland Islands (Malvinas)
1402,Michael Wang,1943-02-07,Comoros
1403,Michael Chan,1987-07-17,Luxembourg
1404,James Moyer,1976-04-30,American Samoa
1405,Paul Cook,1998-11-29,El Salvador
1406,Ms. Nichole Buchanan MD,1958-11-04,Seychelles
1407,Jessica Russo,1991-03-12,Guyana
1408,Deborah Reilly,1983-08-25,Dominica
1409,John Hanson,1970-01-07,Cuba
1410,Jeremy Richardson,1979-10-28,Mozambique
1411,Lawrence Branch,1942-09-23,Nicaragua
1412,William Cox,1944-10-26,Peru
1413,Michelle Robinson,1960-07-20,Falkland Islands (Malvinas)
1414,Elizabeth Mcclure,1955-12-27,Netherlands Antilles
1415,Shannon Walls,1955-12-25,Mayotte
1416,Dana Anderson,1997-08-26,Saint Barthelemy
1417,Sally Sanders,1990-12-20,New Zealand
1418,Jeremiah Skinner DVM,1948-08-01,Libyan Arab Jamahiriya
1419,Danielle Johnson,1979-03-14,French Guiana
1420,Amber Obrien,2003-02-13,France
1421,Lori Boyle,1955-07-30,Slovenia
1422,Lindsay Burns,1980-12-31,Morocco
1423,Renee Cannon,1943-08-01,Italy
1424,Stanley Mitchell,1980-09-06,Australia
1425,Denise Wang,1992-03-24,Saint Helena
1426,Carla Fitzgerald,1968-04-08,Netherlands
1427,Stephanie Gilbert,1985-07-14,Romania
1428,Jesus Martinez,1979-07-03,Vietnam
1429,Ashley Bradford,1948-11-04,Montenegro
1430,Catherine Aguirre,1948-02-25,Trinidad and Tobago
1431,Pamela Spears,1937-03-28,Niue
1432,Richard Cole,1945-02-22,Saint Kitts and Nevis
1433,Michael Ingram,1979-05-16,Guinea-Bissau
1434,John Thompson,1976-09-18,Saint Martin
1435,Ashley Hill,1955-02-16,Guinea
1436,Teresa Williams,1947-12-25,Turkmenistan
1437,Amanda Perkins,1978-05-23,Turkey
1438,Christopher Figueroa,1949-05-13,Swaziland
1439,Nathan Wade,1985-12-13,Mali
1440,Matthew Schultz,1994-02-06,Lebanon
1441,Sarah Johnson,1989-11-25,Anguilla
1442,James Anderson,1951-02-06,Albania
1443,Marcus Lutz,2000-05-27,Egypt
1444,Ryan Anderson,1999-06-14,Liechtenstein
1445,Logan Clark PhD,1935-03-14,Saint Martin
1446,Paula Edwards,1977-02-02,Iran
1447,Lisa Hansen,1991-05-13,Bhutan
1448,Morgan Evans,1983-01-11,Bosnia and Herzegovina
1449,Katelyn Crosby,1970-02-13,Guinea-Bissau
1450,Nathaniel Cruz,1998-02-21,Iran
1451,Holly Horton,1953-02-27,Montenegro
1452,Breanna Cooper,1990-02-16,Northern Mariana Islands
1453,Rebecca Evans,1968-07-21,Haiti
1454,Michelle Hunt,1935-04-20,French Southern Territories
1455,David Rice,1998-09-28,Gambia
1456,Lawrence Murphy,1951-10-19,Brunei Darussalam
1457,Christopher Hess,1985-10-09,Netherlands
1458,Michael Lewis,2001-01-02,Germany
1459,Anthony Johnson,1969-05-25,Vanuatu
1460,Jo Huff,2000-12-18,Morocco
1461,Mary Jones,2003-09-01,Ghana
1462,James Cooper,1948-09-17,Liberia
1463,Eric Simpson,1996-04-22,Chad
1464,Katrina Moore,1944-07-16,Netherlands Antilles
1465,Timothy Mccoy,1984-03-11,Guam
1466,Kenneth Stewart,1956-10-25,Norway
1467,Andre Parker,1983-10-25,Armenia
1468,Dalton Farmer,2001-09-27,Turkmenistan
1469,Sharon Schneider,1995-07-08,United States Virgin Islands
1470,Katherine Hebert,1939-01-05,Malawi
1471,Jillian Walker,1982-04-29,Saint Martin
1472,Erin Knight,1936-12-16,Czech Republic
1473,Mitchell Holder,1973-03-23,Gibraltar
1474,Eric Spencer,2004-12-20,United Arab Emirates
1475,Jesse Rodriguez,1965-12-01,Grenada
1476,Ian Rose,1959-02-17,Congo
1477,Kathryn Rivas,1972-06-02,Sri Lanka
1478,Jake Miller,2000-02-16,Madagascar
1479,Michael Newton,1935-01-24,Djibouti
1480,Emily Flores,1994-12-15,Trinidad and Tobago
1481,James Silva,1984-02-21,Bulgaria
1482,Samantha Lewis,1964-01-15,Maldives
1483,Julie Schmidt,1980-01-14,Oman
1484,Roberta Downs,1965-03-28,Holy See (Vatican City State)
1485,Dawn Griffin,1981-03-22,Pitcairn Islands
1486,Juan Cruz,1995-02-07,Azerbaijan
1487,Jennifer West,1942-01-17,Tonga
1488,Jacqueline Winters,2003-12-24,Estonia
1489,Andrea Keith,1973-12-04,Cameroon
1490,Joshua Hughes,1987-01-12,Belarus
1491,Gregory Roberts MD,1945-12-26,Denmark
1492,Arthur Tucker III,1982-05-14,Mozambique
1493,Stephen Duncan,1984-02-25,Malawi
1494,Amy Allen,1958-09-04,Greenland
1495,Jesus Guzman,1989-08-22,Pitcairn Islands
1496,John Klein,1993-07-08,Lithuania
1497,Mr. Jonathan Kennedy,1953-02-05,Saint Helena
1498,Kimberly Thompson,1989-04-15,Taiwan
1499,Susan Zavala,1944-05-15,Kazakhstan
1500,John Lewis,1970-07-20,Greece
1501,Jason Barry,1997-07-19,Western Sahara
1502,Michelle Wilkins,1945-02-15,Maldives
1503,Shawn Dickerson,1955-06-08,Germany
1504,Gabriela Roberts,1986-06-11,Somalia
1505,Lisa Weaver,1999-10-17,South Georgia and the South Sandwich Islands
1506,Mark Collins,1991-03-10,Wallis and Futuna
1507,Steven Byrd,1951-10-09,Kenya
1508,Alison Burke MD,1938-04-06,Singapore
1509,Brittany Evans,1968-05-22,Peru
1510,Mark Vega,1997-01-06,Korea
1511,Jason Robertson,1983-07-15,Netherlands
1512,Abigail Lewis,1996-08-18,Kiribati
1513,Jasmine Burnett,1936-09-01,Saint Barthelemy
1514,Matthew Scott,1952-03-09,Barbados
1515,Amy Mcintyre,2000-12-19,Liechtenstein
1516,Cody Adams,1997-02-20,Ghana
1517,Paula Snow,1967-10-28,Timor-Leste
1518,David Hunter,1980-05-02,Greece
1519,Troy Graham,1950-09-24,Central African Republic
1520,Amy Foster,2003-04-24,Papua New Guinea
1521,Terri Spencer,1962-03-16,Iran
1522,Bryan Fisher,1949-04-25,Uganda
1523,Randy Hall,1938-04-05,Dominica
1524,Adam Thompson DVM,1946-10-11,Chad
1525,Alexandria Hall,1984-09-10,Macao
1526,Michael Johns,1937-12-05,Ghana
1527,Robert May,1995-03-10,Gibraltar
1528,Ruben Lewis,1988-02-05,Saudi Arabia
1529,Danielle Wilkinson,1950-05-11,Saint Martin
1530,Sonya Ruiz,1973-10-01,Norfolk Island
1531,Dana Kerr,1979-11-03,El Salvador
1532,William Lamb,1963-04-13,Nepal
1533,Kevin Allen DVM,1938-03-11,Saudi Arabia
1534,Jenna Brown,1941-02-25,Yemen
1535,Thomas Kelley,1937-07-04,Nicaragua
1536,Mr. Jack Ramirez Jr.,1979-11-06,Kyrgyz Republic
1537,Robert Thomas,1948-05-28,Cyprus
1538,Lisa Brown,1956-04-07,El Salvador
1539,Angela Obrien,1989-05-02,Palestinian Territory
1540,Ms. Denise Baldwin MD,1992-03-04,Greenland
1541,Whitney Collins,1941-01-15,Gibraltar
1542,Michael Aguirre,1984-01-28,Nepal
1543,Jennifer Proctor,1989-07-04,Rwanda
1544,Christina Mccoy,1982-08-06,Cook Islands
1545,Kristina Walsh,1976-06-03,Cyprus
1546,Katherine Cole,1936-02-23,Burundi
1547,Bryan Garcia,1965-11-10,Cambodia
1548,Louis Martin,1937-10-01,Turkmenistan
1549,Kimberly Alexander,1957-01-07,Malawi
1550,Valerie Hamilton,2000-03-13,Aruba
1551,Brandon Lopez,1981-01-12,Peru
1552,Scott Lee,1944-01-10,Austria
1553,James Keith,1937-10-29,Aruba
1554,Mary King,1973-07-28,Iraq
1555,Stephen Ward,1969-01-08,Chad
1556,Connie Parsons,1968-03-18,Jordan
1557,Kimberly Orr,1986-07-22,Liechtenstein
1558,Lauren Taylor,1984-09-13,Guinea-Bissau
1559,Sophia Morales,1954-01-01,Botswana
1560,Peter Harris,1952-03-10,Cayman Islands
1561,Amy Miller,1994-07-05,Indonesia
1562,Adam Hayden,1977-01-20,Saint Martin
1563,Mrs. Jennifer Mckee,1977-08-17,Holy See (Vatican City State)
1564,Deborah Johnson,1991-06-26,Chad
1565,Christopher Walker,2004-09-15,Kazakhstan
1566,Haley Marshall,1973-01-21,Italy
1567,Ryan Lewis,2002-07-11,Italy
1568,Anthony Nguyen,1974-06-19,Saint Martin
1569,Valerie Duran,1937-09-20,Mali
1570,Michelle Bryant,1937-03-04,Djibouti
1571,Erica Johnson,1937-05-17,Saint Pierre and Miquelon
1572,Melanie Rowland,1985-09-27,Qatar
1573,Margaret White,1955-08-14,Tajikistan
1574,Dominique Santos,1964-05-23,Singapore
1575,Robert Yates MD,1952-08-30,Guernsey
1576,Kelly Hughes,1963-06-01,Saint Barthelemy
1577,Brittney Harper,1948-02-17,Canada
1578,Michael Taylor,1957-10-17,Saudi Arabia
1579,Brianna Estes,1982-06-28,Romania
1580,Jennifer Jones,1939-12-11,United Arab Emirates
1581,Zachary Fernandez,1980-03-19,Faroe Islands
1582,Derek Reid,1977-08-12,Lesotho
1583,David Jacobs,1954-10-12,Guinea-Bissau
1584,Dawn Blackburn,1990-10-01,Azerbaijan
1585,Kyle Tucker,1973-01-02,Ethiopia
1586,Michael Johnson,1995-04-29,Hungary
1587,Stephanie Carpenter,1950-05-21,United Kingdom
1588,Mark Kelly,1982-08-21,South Georgia and the South Sandwich Islands
1589,Jeffrey Castillo,1994-06-27,Faroe Islands
1590,Ashley Wolf,1991-04-08,Spain
1591,Michael Lane,2001-11-10,Ghana
1592,Eric King,1975-10-27,Dominica
1593,Anna Juarez,1983-09-23,Antarctica (the territory South of 60 deg S)
1594,Scott Johnson,1980-10-28,Cuba
1595,Michael Kim,2000-03-11,Lithuania
1596,Kristin Stout,1999-11-28,Western Sahara
1597,Kyle Perez,2004-09-17,Guyana
1598,Jennifer Young,1964-10-18,Italy
1599,Michael Burke,1988-06-27,Montserrat
1600,William Lin,1982-04-15,Malta
1601,Victoria Williams,1935-05-01,Dominica
1602,Lisa Hoffman,1967-09-18,Iraq
1603,Eduardo Lam,1938-07-06,Latvia
1604,Todd Jones,1947-11-01,Pitcairn Islands
1605,John Poole,1972-01-27,Myanmar
1606,Kelsey Smith,1970-02-28,Northern Mariana Islands
1607,Frank Baker,1976-12-24,British Indian Ocean Territory (Chagos Archipelago)
1608,Christopher Doyle,1999-04-12,Uganda
1609,Bryan Daniels,2002-09-08,Slovakia (Slovak Republic)
1610,Kenneth Jones,1964-08-06,Swaziland
1611,Andrew Morris,1952-06-18,Holy See (Vatican City State)
1612,Zachary Allen,1972-12-30,Oman
1613,Jacob Bell,1947-06-06,Timor-Leste
1614,Paul Morgan,1982-05-18,Saint Helena
1615,Robert Ellison,1997-09-13,Mexico
1616,Angela Odonnell,1982-10-15,Brunei Darussalam
1617,Randall Richardson,1991-02-02,Georgia
1618,Terri Hart,1959-08-20,Colombia
1619,Crystal Perkins,1994-05-22,Cote d'Ivoire
1620,Stephanie Weber,1997-12-09,Nepal
1621,Justin Miller MD,1969-05-03,Vietnam
1622,Michael Smith,2002-11-29,Uruguay
1623,Sara Deleon,1987-10-11,Belgium
1624,Danielle Tucker,1941-03-03,Martinique
1625,Charles White,1955-11-02,Netherlands
1626,Dale Simon,1947-06-08,Dominican Republic
1627,Spencer Reese,1977-08-01,Peru
1628,Michael Walker,1936-08-30,Saint Barthelemy
1629,Rachel Gonzalez,1996-03-04,Chile
1630,Kimberly Smith,1958-04-17,Hungary
1631,Lauren Gentry,1942-02-16,Guernsey
1632,Joshua Rogers,1997-02-16,Somalia
1633,Kelly Hernandez,1970-06-05,Cote d'Ivoire
1634,Sara Morgan,1982-12-04,Bermuda
1635,Mrs. Deanna Merritt,1997-04-20,Western Sahara
1636,Shawn Byrd,1996-11-16,Saint Vincent and the Grenadines
1637,Danielle Lane,1940-01-10,Peru
1638,Mitchell Sanders,1977-08-20,Guyana
1639,Timothy Bailey,1985-08-05,Tokelau
1640,Dawn Weber,1975-07-26,Egypt
1641,Natasha Michael,1946-12-27,Sudan
1642,Dwayne Conner,1967-05-01,Cuba
1643,Heather Reyes,1974-07-02,Timor-Leste
1644,Rebecca Martin,1981-08-03,Germany
1645,Angela Reyes,1945-06-21,Netherlands
1646,Jeremy Davis,1994-05-19,Bahamas
1647,Erica Vance,2000-03-13,Marshall Islands
1648,Noah Price,1949-11-19,Sweden
1649,Kaitlyn Rodriguez,1962-02-11,Comoros
1650,Ariel Walker,2000-10-18,Netherlands
1651,Nicole Baker,1953-05-23,Lesotho
1652,Caitlin Smith,1965-06-22,Saint Kitts and Nevis
1653,Amy Moreno,1982-01-27,Ethiopia
1654,Brandon Perkins,1950-12-28,Romania
1655,David Crane,1995-12-30,United Arab Emirates
1656,Shawn Butler,1966-11-16,Ethiopia
1657,Shane Jensen,1954-05-14,San Marino
1658,Kevin Clark,1959-10-31,Taiwan
1659,Mrs. Rebecca Frank,2002-09-20,Comoros
1660,Jason Thompson,1954-01-06,Mali
1661,Alexander Howard,1981-05-23,Tokelau
1662,Billy Lara,1934-07-25,Kazakhstan
1663,William Smith,1979-05-04,Zambia
1664,Bryan Gates,1975-01-27,Poland
1665,James Flores,1983-10-31,United Arab Emirates
1666,Michael Wood,1967-06-10,United States Minor Outlying Islands
1667,Amber Cooper,1974-02-26,Sri Lanka
1668,Seth Castillo,1993-12-14,Martinique
1669,Roger Estes,1976-01-03,Saint Kitts and Nevis
1670,Ryan Khan,1977-12-07,Syrian Arab Republic
1671,Katie Guzman,1974-02-13,Romania
1672,Mia Potts,1999-10-02,Mauritius
1673,John Carpenter,1994-03-15,Saint Helena
1674,Bruce Lee,1980-12-28,Netherlands Antilles
1675,Isabel Hayes,1948-06-28,Holy See (Vatican City State)
1676,Angela Smith,2002-11-21,Philippines
1677,Linda James,1986-06-16,Germany
1678,Melissa Snyder,1996-01-24,Macao
1679,Dr. Robert Shea Jr.,1992-05-14,Gabon
1680,Melanie Larson,1946-11-17,Finland
1681,Bobby Tucker,1960-09-05,Sri Lanka
1682,Kimberly Lindsey,1972-03-28,Guadeloupe
1683,Gloria Hamilton,1970-03-17,China
1684,Christina Jones,1959-02-21,United Kingdom
1685,Peter Campbell,1987-10-03,Pakistan
1686,Cristina Phillips,1935-09-12,Costa Rica
1687,Christopher Thomas,1967-10-10,Jamaica
1688,Mark Dorsey,1967-09-10,Marshall Islands
1689,Ryan Boone,1979-12-27,Japan
1690,Elizabeth White,1997-12-03,United Kingdom
1691,Thomas Brown,1982-05-09,Saint Barthelemy
1692,Joe Allen,1960-05-07,Eritrea
1693,Miguel Gomez,1981-09-28,Ecuador
1694,Eric Meyer,1962-02-10,Germany
1695,Robert Torres,1934-03-03,Nauru
1696,Jeremy Stanley,1975-04-30,Denmark
1697,Micheal Cline,1953-08-13,Romania
1698,Nicholas Sherman,1965-10-04,Falkland Islands (Malvinas)
1699,Traci Friedman,1991-06-15,Libyan Arab Jamahiriya
1700,Jonathan Jones,1995-11-18,Algeria
1701,Jesse Cruz,1977-09-23,Tokelau
1702,Mr. Jeremy Rowland,1975-09-10,Argentina
1703,Jessica Jones,1986-08-30,Mayotte
1704,Larry Brown,1974-01-03,Macedonia
1705,Mark Dominguez,1952-11-18,Namibia
1706,Joanna Brown,1949-04-21,Ethiopia
1707,Amber Willis,2002-09-20,Uzbekistan
1708,Kevin Johnson,1949-11-02,Niue
1709,Cory Tucker,1961-10-28,Hungary
1710,Anthony Bass,1988-09-23,Bahamas
1711,Nathan Simmons,1953-09-26,Bosnia and Herzegovina
1712,Chelsea Case,1935-02-25,Ethiopia
1713,Brittney Gibbs,1972-06-25,Thailand
1714,Debra Beck,1955-01-23,United States Minor Outlying Islands
1715,Rhonda Gonzalez,1961-02-02,Faroe Islands
1716,Elizabeth Jackson,1974-08-17,American Samoa
1717,Tanya Nelson,1963-09-20,China
1718,Debra Mckenzie,1983-11-10,Isle of Man
1719,Kelly Huynh,1954-05-15,Philippines
1720,Cindy Fleming,1952-12-23,Turkey
1721,Jonathan Davis,1968-12-03,Liberia
1722,Thomas Allison,1942-11-06,Guyana
1723,Kayla Oneal,1962-07-18,Niger
1724,Nicole Johnson,1934-08-02,Armenia
1725,Kelly Johnson,1979-03-23,United States of America
1726,Matthew Mendoza,1964-03-24,Korea
1727,Shane Sanchez,1972-04-12,Slovakia (Slovak Republic)
1728,Jennifer Anderson,1967-12-28,Mayotte
1729,Russell Hernandez,1952-09-16,Croatia
1730,Christina Elliott,1941-05-01,Japan
1731,Zachary Norman,1936-06-21,French Polynesia
1732,Cynthia Torres,1953-03-29,Cambodia
1733,Jennifer Alexander,1934-11-11,Serbia
1734,Ana Saunders,1973-11-07,United States Virgin Islands
1735,Jake Rodriguez,1955-09-15,Swaziland
1736,Shawn Stephens,1952-06-13,Andorra
1737,Lisa Lopez,1961-04-17,Svalbard & Jan Mayen Islands
1738,Laura Robertson,1994-08-12,Bolivia
1739,Renee Kelly,1969-11-13,Armenia
1740,Tyler Fox,1987-07-27,El Salvador
1741,Raymond Chang,1958-05-17,Namibia
1742,Sara Baker,1942-12-21,Lebanon
1743,Ashley Smith,1944-01-26,Sudan
1744,Timothy Fisher Jr.,1952-07-01,Cape Verde
1745,John Taylor,1976-01-24,Ukraine
1746,Christopher Ponce,1957-10-29,Yemen
1747,Tanner Gonzales,1936-04-03,Jordan
1748,Joseph Lopez,1953-12-01,Hungary
1749,Shannon Shelton,1974-10-20,United Arab Emirates
1750,Roger Ramirez,1977-12-14,Niue
1751,Mr. Jeffery French,1971-06-27,Andorra
1752,Erik Gordon,1937-02-23,New Zealand
1753,Kimberly Buchanan,1982-08-07,Montserrat
1754,Deborah Bullock,1941-06-11,Paraguay
1755,Richard Johnson,1934-10-24,Latvia
1756,Joseph Benton,1939-11-09,Greece
1757,Edward Perez,1968-12-09,Singapore
1758,Austin Holmes,1969-05-26,Turkey
1759,Barbara Jones,1957-02-25,Bermuda
1760,Shane Velazquez,1967-09-25,New Caledonia
1761,Kimberly Gregory,1947-03-26,Guinea-Bissau
1762,Erika Maddox,1964-03-22,Azerbaijan
1763,Antonio Moreno,1996-10-13,Venezuela
1764,Travis Kane,1966-04-01,Belize
1765,Samuel Fowler,1949-10-17,Jersey
1766,Chase Green,2000-02-16,Antarctica (the territory South of 60 deg S)
1767,Jennifer Walton,1939-08-06,Aruba
1768,Olivia Bennett,1950-05-18,Luxembourg
1769,Sherri Lyons,1987-02-11,Oman
1770,Samantha Rivera,1955-12-11,Myanmar
1771,Kathleen Giles,1951-10-27,Mayotte
1772,Jay Keller,1951-02-18,Sao Tome and Principe
1773,Matthew Clark,1936-09-15,Timor-Leste
1774,Kristy Brown,1982-02-18,Christmas Island
1775,Amber Wells,1976-05-23,Azerbaijan
1776,Kathryn Adams,2002-12-12,Tonga
1777,Michael Potter,1942-07-09,Congo
1778,Abigail Savage,1981-04-10,Congo
1779,Paul Kim,2000-09-23,Holy See (Vatican City State)
1780,Melanie Johnson,1938-08-29,Germany
1781,Bridget Richards,1971-04-02,Bangladesh
1782,Anthony Cooley,1993-08-25,Trinidad and Tobago
1783,John Farrell,1989-03-25,Guyana
1784,Alexis Perez,2003-05-06,Western Sahara
1785,John Wilson,1989-02-05,Bhutan
1786,Joseph Sampson,1978-11-25,Northern Mariana Islands
1787,Roger Wells,1965-05-19,Seychelles
1788,Kristen Randolph,2003-07-30,Switzerland
1789,Jacob Scott,1996-12-24,Nepal
1790,Whitney Mullen,1989-11-16,Wallis and Futuna
1791,Anthony Cook,1942-12-21,Bhutan
1792,Paul Acosta,1942-01-12,United States Minor Outlying Islands
1793,Robert Moore,1940-04-12,Iraq
1794,Sean Porter,1995-09-24,Suriname
1795,Sean Parker,1943-10-05,Albania
1796,Dr. Keith Garcia,1964-01-11,Gambia
1797,Thomas Carter,1993-10-07,Honduras
1798,Michael Lam,1992-01-17,Papua New Guinea
1799,Lucas Blake,1984-09-06,Turks and Caicos Islands
1800,Ethan Combs,1993-01-11,Chile
1801,Veronica Cruz,1951-09-25,Papua New Guinea
1802,Margaret Hurley,1996-12-22,Lao People's Democratic Republic
1803,Kevin Brown,1983-04-02,United States of America
1804,Rebekah Vance,1986-10-09,Armenia
1805,Kyle Baldwin,1943-02-27,Congo
1806,Stephen Gross,1954-09-19,Tajikistan
1807,Cody Poole,1977-10-22,Mali
1808,Elizabeth Martinez,1994-01-05,Iran
1809,Timothy Jones,1942-10-23,Canada
1810,Robin Rodriguez,1955-10-21,Gambia
1811,Danielle Shaw,1969-11-17,Guatemala
1812,Ashley Bradley,1988-10-27,Portugal
1813,Cassandra Sanders,2003-07-08,Zambia
1814,Jeffrey Reynolds,2000-06-07,Jersey
1815,Tracy Nguyen,2005-02-08,Bouvet Island (Bouvetoya)
1816,James Hester,1980-03-03,Cuba
1817,Matthew Ewing,1935-01-12,Norway
1818,Eric Huynh,1954-08-27,Netherlands
1819,April Oconnor,1967-02-16,Czech Republic
1820,Melissa Harmon,1970-08-05,Italy
1821,Eric Williams,1950-11-20,India
1822,John Walker,1979-10-15,Malaysia
1823,Bonnie Leach,1969-04-26,Netherlands
1824,John Curtis,1967-10-14,South Georgia and the South Sandwich Islands
1825,Joel Gonzalez,1980-11-19,Northern Mariana Islands
1826,Michael Gray,1965-10-13,Malta
1827,Dr. Alicia Weaver,1971-05-26,Kenya
1828,Lori Mosley,1963-01-17,Netherlands
1829,Bridget Leonard,1947-06-14,Belarus
1830,James Jackson,1968-01-26,Bahrain
1831,Linda Morris,1970-05-04,Niger
1832,Kevin Ballard,1950-06-24,Palestinian Territory
1833,Timothy Lawson,1961-05-14,Guam
1834,Ebony Gallegos,1971-12-23,Canada
1835,Brian Spencer,1979-09-17,Barbados
1836,Brandi Reed,1983-05-03,United Kingdom
1837,Marvin Wilson,1987-10-23,Kuwait
1838,Austin Woodward,1962-01-04,Bangladesh
1839,Kari Murphy,1941-02-09,Sweden
1840,Tracy Dean,1942-01-07,Canada
1841,Lindsey Jones,1967-07-09,Mongolia
1842,Madison Barton,1995-02-10,Ireland
1843,Steven Moran,1941-01-04,American Samoa
1844,Cynthia Lewis,1984-03-10,Venezuela
1845,Tommy Garcia,1944-06-18,Seychelles
1846,Christopher Ewing,1977-08-02,Syrian Arab Republic
1847,Stephanie Holmes,2004-10-29,Portugal
1848,Ryan Smith,1956-12-18,Turkmenistan
1849,Nicole Gonzalez,1938-02-22,Vietnam
1850,Sarah Porter,1982-12-02,French Guiana
1851,Anne Pearson,1961-11-23,Burundi
1852,Gina Hernandez,1945-02-03,Kazakhstan
1853,Emily Watkins,1975-06-22,Libyan Arab Jamahiriya
1854,Kimberly Sanchez,1935-03-02,Kuwait
1855,Jordan Compton,1954-02-15,Vietnam
1856,Javier Bishop,1995-05-27,Grenada
1857,Charles Lindsey,1942-03-28,Montenegro
1858,Sydney Morris,1983-04-09,Reunion
1859,Lauren Ford,1981-07-29,Micronesia
1860,Jordan Montgomery,1973-05-11,Heard Island and McDonald Islands
1861,Kevin Young,1934-02-16,Nauru
1862,Sonia Reynolds,2004-11-30,Moldova
1863,Alex Rhodes,1999-04-26,Samoa
1864,Michaela Harrison,1973-03-18,Northern Mariana Islands
1865,Denise Mcbride,1994-07-09,Macedonia
1866,Amy Weaver,1972-10-03,Bulgaria
1867,Patricia Reid,2001-02-21,Congo
1868,James Wilcox,1996-12-23,Puerto Rico
1869,Dillon Bonilla,1937-10-20,Malawi
1870,Thomas Benitez,1995-06-26,Serbia
1871,Shannon Bell,1995-07-17,Saudi Arabia
1872,Steve Werner,1953-10-11,Cocos (Keeling) Islands
1873,Nathan Phillips,1962-11-24,Vietnam
1874,Chase French,1997-11-08,Brazil
1875,Matthew Cochran,1981-05-15,Comoros
1876,Michael Ramirez,1994-07-25,Algeria
1877,Larry Harper,1940-01-14,Romania
1878,Christine Oliver,1997-03-08,Aruba
1879,Steven Bell,1950-07-23,Guinea-Bissau
1880,Hannah Kramer,1955-11-25,French Polynesia
1881,Kimberly Roberts,1983-04-23,Macedonia
1882,Richard Martinez,1976-03-15,Jordan
1883,Brandy Hernandez,1995-07-07,Hungary
1884,Dawn Villegas,1950-11-30,Australia
1885,Sarah Sanchez,1936-08-29,Sudan
1886,Michael Fitzgerald,1942-07-17,Bermuda
1887,Heather Simpson,1940-02-06,Eritrea
1888,Frank Jones,1964-10-25,Wallis and Futuna
1889,Gina Jordan,1936-03-15,Panama
1890,Marc Hayes,1994-08-04,Albania
1891,Mathew Lozano,1939-09-11,Marshall Islands
1892,Marissa White,1981-04-25,Mauritania
1893,Lisa Wheeler,1960-01-20,Denmark
1894,Richard Williams,1974-01-09,Western Sahara
1895,Mary Burnett,1968-02-10,Brazil
1896,Patricia Carter,1999-01-27,Saint Helena
1897,Tyler Hood,1980-11-05,Ireland
1898,Mary Daniel,1947-03-14,Australia
1899,Steven Kelley,1942-08-19,Botswana
1900,Tiffany Allen,1955-11-08,Dominican Republic
1901,Elizabeth Thompson,1982-11-20,Antigua and Barbuda
1902,Patricia Guerrero,1972-02-03,Bahrain
1903,Karen Jones,1977-01-01,Bahrain
1904,Donna Baker,1945-12-20,Kenya
1905,Kevin Chavez,1957-04-21,Netherlands Antilles
1906,Anthony Hernandez,1945-11-28,Papua New Guinea
1907,Teresa Hahn,1984-10-17,Ireland
1908,Travis Johnson,1961-07-24,Cayman Islands
1909,Elizabeth Manning,2004-02-06,Sweden
1910,Jeffrey Carroll,1958-09-23,Tokelau
1911,Martin Reed Jr.,1955-03-19,Costa Rica
1912,Julian Williams,1984-11-26,Saudi Arabia
1913,Keith Franklin,1986-08-22,Namibia
1914,John Carter,1987-01-25,Indonesia
1915,Becky Wallace,1996-06-29,Sudan
1916,Joy Cochran,1969-04-02,Libyan Arab Jamahiriya
1917,Brandon Cummings,1968-08-23,Dominican Republic
1918,Michele Brock,1934-11-30,Malawi
1919,Daisy Gallegos,1985-11-07,Tanzania
1920,Ronald Conley,1946-05-01,Paraguay
1921,Stephen Kirk,1982-11-28,Croatia
1922,Kristin Cain,1943-08-29,Brazil
1923,Robert Wilson,1982-06-16,Central African Republic
1924,David Hoover,1977-04-23,Cayman Islands
1925,Rodney Ware,1948-07-16,Singapore
1926,Angela Vaughn,1994-03-20,Wallis and Futuna
1927,Joy Leon,1942-05-31,Lao People's Democratic Republic
1928,Evelyn Moore,1983-10-02,Lesotho
1929,Kimberly Hill,1994-07-15,Swaziland
1930,Randy Wong,1958-02-07,Israel
1931,Linda Kelly,1997-01-12,Cambodia
1932,Francisco Roberson,1963-08-24,Philippines
1933,Charles Love,1982-01-08,Antigua and Barbuda
1934,Austin Sherman,1937-11-29,Ireland
1935,Brian Hurley,1964-01-15,Saint Barthelemy
1936,Richard Wilson,1963-06-13,Benin
1937,Kyle Campos,1949-11-27,Egypt
1938,James Moody,1992-10-21,Mozambique
1939,Jeffrey Gonzalez,1984-04-23,Croatia
1940,Bailey Davis,1983-06-05,Chile
1941,Susan Smith,1938-04-22,Solomon Islands
1942,Dr. Cynthia Archer,1969-08-29,Heard Island and McDonald Islands
1943,Thomas Miller,1938-10-02,Colombia
1944,Kimberly Berry,1994-01-30,Armenia
1945,Erin Brooks,1973-12-09,Poland
1946,Teresa Hutchinson,1942-01-13,Oman
1947,Allison Gordon,1955-06-17,Cambodia
1948,Brenda Schaefer,1936-11-22,Seychelles
1949,Samuel Summers,1952-06-02,Switzerland
1950,Kimberly Sanchez,1976-05-14,Zambia
1951,Jordan Hart,2000-12-25,Cocos (Keeling) Islands
1952,Tammy Hamilton,1949-11-07,New Zealand
1953,Jennifer Fields,1976-01-10,Thailand
1954,Bryan Bates,1965-09-22,Isle of Man
1955,Mandy Cruz,1942-03-21,Gabon
1956,Kelly Hodges,1942-09-21,Martinique
1957,Samuel Jones,1962-11-03,Isle of Man
1958,Brandon Salas,1950-09-26,Switzerland
1959,Regina Gomez,1978-11-14,Qatar
1960,Crystal Adams,1986-05-17,Sri Lanka
1961,Yvette Walker,1984-07-23,Cape Verde
1962,Jared Harris,1999-05-11,Cocos (Keeling) Islands
1963,Cassandra Benson,1973-08-04,British Indian Ocean Territory (Chagos Archipelago)
1964,Sara Walsh,1972-10-08,Cocos (Keeling) Islands
1965,Johnny Richards,1977-10-30,Greece
1966,Cheryl Villegas,1959-02-13,Anguilla
1967,Derek Douglas,1939-05-15,American Samoa
1968,Ryan Curtis,1984-09-16,Pakistan
1969,James Moreno,1963-11-04,Gambia
1970,Alyssa Clark,1951-01-05,Ghana
1971,John Cook,2000-02-02,Saint Helena
1972,Tyler Miller,1990-08-04,Cocos (Keeling) Islands
1973,Alejandra Goodman,1982-03-09,Colombia
1974,Michael Myers Jr.,1967-12-03,Uganda
1975,Deborah Rowe,1965-12-03,Djibouti
1976,Brandon Lee,1984-12-10,Suriname
1977,Destiny Calhoun,1972-10-30,Bahamas
1978,Brittany Smith,1973-09-09,Marshall Islands
1979,Ashley Sanford,1977-08-26,Greenland
1980,Timothy Robinson,1996-07-31,Saint Barthelemy
1981,Valerie Harding,1990-07-07,Guadeloupe
1982,Natalie Wilson,1965-01-18,Lithuania
1983,Matthew Reeves,2000-02-24,Tonga
1984,Dawn Mccoy,1948-12-31,Bouvet Island (Bouvetoya)
1985,Jennifer Elliott,1934-02-25,Bosnia and Herzegovina
1986,Donald Hunter,1960-10-27,Afghanistan
1987,Sarah Watkins,1939-03-02,Saint Pierre and Miquelon
1988,Jennifer Lester,1958-01-01,Saint Kitts and Nevis
1989,Vincent Scott,1970-09-20,Malawi
1990,Brandon Hickman,1941-03-06,Palestinian Territory
1991,Gregory Barajas,1935-10-19,Tajikistan
1992,Andrew Snyder,1955-05-03,Guernsey
1993,Jeanne Hancock,1989-06-06,Pitcairn Islands
1994,Joseph Gardner,1946-08-29,Bulgaria
1995,Joseph Smith,1959-01-09,Senegal
1996,Sarah Taylor,1937-08-01,Svalbard & Jan Mayen Islands
1997,Travis Thomas MD,1965-10-13,Maldives
1998,Samantha Cowan,1959-03-30,Estonia
1999,Edward Peterson,1950-07-25,Italy
2000,Sarah English,1948-08-04,Micronesia
