directorId,name,dateOfBirth,nationality
1,Daniel Myers,1972-05-29,Costa Rica
2,Steven Lee,1955-06-10,Saint Helena
3,Ryan Dyer,1942-04-24,Libyan Arab Jamahiriya
4,Kevin Deleon,1952-01-09,Bermuda
5,Julie Fletcher,1990-11-20,Maldives
6,Maria Santos,1992-10-10,Argentina
7,Sheila Zavala,1946-11-10,Malaysia
8,Dr. Stanley Baldwin,1978-01-27,Botswana
9,Ethan Riley,1968-09-10,Belize
10,Candace Carlson,1980-09-06,Romania
11,David Bullock,1991-02-13,Faroe Islands
12,Lance Graham,1962-12-30,Singapore
13,Julie Kennedy,1975-11-13,Mali
14,Lisa Clark,1935-04-02,Italy
15,Tracy Rogers,1977-06-02,Liberia
16,Paula Mccall,1940-06-07,Nicaragua
17,Bethany Pearson,1967-05-26,Comoros
18,Mary Reese,1975-08-13,Niger
19,Molly Hunter,1954-03-13,Suriname
20,Kristen Bishop,1941-11-28,Central African Republic
21,Hannah Arnold,1993-11-17,Ghana
22,Robert Manning,1972-08-11,Guinea-Bissau
23,John Adkins,1957-04-18,Uzbekistan
24,Dennis Cox,1988-08-21,Jersey
25,Melinda Miller,1968-07-04,Belarus
26,Bobby Thompson,1952-06-17,Kazakhstan
27,Nicholas Johnson,1952-04-09,Macedonia
28,Evan Bailey,1987-03-21,Cambodia
29,Kelly Juarez,1965-11-14,Norway
30,Peter Thompson,1934-05-14,Saint Kitts and Nevis
31,Jesse Miller,1949-08-04,Mongolia
32,Anne Smith,1947-05-26,Seychelles
33,Amy Smith,1963-03-19,Argentina
34,Tony Hayes,1991-01-26,United States Virgin Islands
35,Gregory Barber,1954-04-24,Timor-Leste
36,Stephen Edwards,1991-12-29,Guinea
37,Alexis White,1983-04-04,Guinea
38,Pamela Campbell,1985-09-15,San Marino
39,Melvin Young,1967-07-26,Timor-Leste
40,Lauren Dixon,1934-02-12,Hungary
41,Yesenia Ray,1944-10-22,Turkey
42,Monica Clark,1985-04-09,Spain
43,Tammy Chan,1965-03-16,Denmark
44,Jeffrey Brown,1948-09-03,Slovenia
45,James Cooper,1966-05-01,Denmark
46,Bailey Thompson,1965-05-27,Samoa
47,Melissa James,1988-11-26,Cote d'Ivoire
48,Krista Watson,1983-12-19,French Polynesia
49,Jesse Peterson,1990-02-25,Albania
50,Susan Hunt MD,1934-11-09,Egypt
51,Michele Anderson,1971-05-18,Brazil
52,Michelle Ochoa,1967-10-04,Indonesia
53,Courtney Robertson,1968-03-20,Slovenia
54,Janice Short,1993-03-11,Cape Verde
55,Jackson Garcia,1959-02-27,Monaco
56,Mary Moore,1972-09-28,Germany
57,Bryan Gilmore,1935-04-23,Uganda
58,Ashley Freeman,1982-09-01,Macao
59,Melvin Vargas,1962-11-30,Guatemala
60,Colleen Estrada,1960-08-31,Solomon Islands
61,Jeffery Yates,1979-04-04,South Georgia and the South Sandwich Islands
62,Jonathon Cole,1970-07-11,Chad
63,Erica Martin,1969-06-29,Cameroon
64,Edwin Scott,1986-03-18,Australia
65,Randall Callahan,1942-09-01,Armenia
66,Blake Dixon,1946-04-25,Israel
67,Terri Parker,1971-03-12,Martinique
68,James Crane,1935-08-05,Madagascar
69,Jenna Elliott,1934-06-02,Kenya
70,Erik Brown,1949-06-16,Peru
71,April Medina,1989-03-29,Dominica
72,Ryan Russell,1985-04-05,Bouvet Island (Bouvetoya)
73,Barbara Spence,1983-09-30,Falkland Islands (Malvinas)
74,Carolyn Rodriguez,1951-05-18,Korea
75,Laurie Rodriguez,1976-07-05,Saint Lucia
76,Joshua Webb,1981-11-23,Kenya
77,Andrew Heath,1992-09-20,Montenegro
78,Aaron Townsend,1935-03-24,Austria
79,Jason Huerta,1934-08-09,Equatorial Guinea
80,Barry Henderson,1995-01-14,Korea
81,Jessica Cannon,1954-02-14,Netherlands Antilles
82,Garrett Peters,1975-09-07,Turkey
83,Misty Walter,1972-11-10,Heard Island and McDonald Islands
84,Michelle Mahoney,1985-04-07,Spain
85,Emily Reynolds,1936-01-26,Afghanistan
86,Teresa White,1957-12-31,Tonga
87,Richard Stewart,1945-07-02,Grenada
88,Ryan Johnston,1979-03-05,Jamaica
89,Jill Wilkins,1984-05-27,Lebanon
90,William Adams,1980-04-15,Finland
91,Kellie Orr,1976-02-27,Indonesia
92,Danielle Quinn,1979-09-11,Bahrain
93,Emily Rogers,1986-09-11,Argentina
94,Sabrina Lopez,1980-08-04,Macedonia
95,Robert Johnson,1957-10-02,Saudi Arabia
96,Robert Serrano,1993-09-05,Niger
97,Scott Chapman,1944-12-07,Tonga
98,Penny Stout,1964-08-30,Djibouti
99,Daniel White,1947-01-26,Philippines
100,Jenna Whitney,1939-06-17,Bangladesh
101,Brittany Bautista,1947-06-19,Namibia
102,Tony Coleman,1971-05-12,Italy
103,John Duke,1935-06-17,Zambia
104,Olivia Peterson,1980-05-05,Pakistan
105,Michael Rivera,1985-03-13,France
106,Tina Lee,1957-01-11,Albania
107,Timothy Hopkins,1934-08-27,Ethiopia
108,Zachary Barnes,1968-06-08,Qatar
109,Richard Kennedy,1993-02-21,Yemen
110,Pamela Flores MD,1988-12-10,Antarctica (the territory South of 60 deg S)
111,Nicole Mullins,1980-09-11,Mozambique
112,Stuart Hall,1935-02-07,Bermuda
113,Jacob Wiggins,1973-01-27,Saint Martin
114,Brian Olson,1991-10-16,Syrian Arab Republic
115,Richard Hall,1960-01-27,Romania
116,Charles Chapman,1943-10-06,Turks and Caicos Islands
117,Matthew Roth,1937-10-18,Aruba
118,Mrs. Donna Riggs,1990-03-23,Latvia
119,Lisa Gibson,1959-10-20,Norfolk Island
120,Danielle Lopez,1986-04-02,India
121,Laura Jackson,1935-03-27,Mozambique
122,Denise Morgan,1953-02-07,Bermuda
123,Nicole Francis,1954-10-05,Hungary
124,Eric Thompson,1984-07-18,Vanuatu
125,Victoria Shepherd,1974-05-21,United States Minor Outlying Islands
126,Leslie Arias,1979-11-06,Sweden
127,Jessica Hopkins,1971-10-16,Grenada
128,Aaron Jensen,1950-10-23,Morocco
129,Michelle David,1943-07-23,Tunisia
130,Todd Gould,1968-10-01,Vietnam
131,Matthew Lopez,1939-08-07,Montenegro
132,Steven Anderson,1971-09-11,Malawi
133,Nicole King,1977-07-16,Lithuania
134,John Lewis,1947-06-23,Macao
135,Lisa Black,1961-02-13,Macao
136,Megan Everett,1965-02-10,South Georgia and the South Sandwich Islands
137,Tristan Leonard,1935-06-17,Korea
138,Jerry Henry,1941-03-07,Kuwait
139,Michael Reed Jr.,1986-10-30,India
140,Matthew Gould,1937-12-20,Hungary
141,Marissa Dixon,1989-02-19,Kuwait
142,Erica Rodriguez,1956-11-01,Angola
143,Gary Hicks,1947-09-06,Czech Republic
144,Michael Lin,1973-08-30,United Kingdom
145,Lorraine Myers,1986-11-22,Finland
146,Kelly Strickland,1990-05-09,Guyana
147,Brenda Davis,1965-09-18,Bhutan
148,Antonio Holland III,1965-08-15,Martinique
149,Candace Hull,1949-05-09,Ireland
150,Emily Walker,1988-04-30,Russian Federation
151,Tammie Herrera,1986-02-24,Falkland Islands (Malvinas)
152,Jordan Baker,1942-08-06,Bolivia
153,Michael Hughes,1957-08-03,Luxembourg
154,Sarah Mendoza,1953-08-13,Bangladesh
155,Christopher Jimenez,1989-01-30,Norway
156,Daniel Simpson,1947-09-12,Belgium
157,Shannon Quinn,1952-09-12,Sweden
158,Jorge Davis,1942-12-05,Guernsey
159,Daniel Allen,1980-12-21,Kiribati
160,Joseph Smith,1980-03-01,Haiti
161,Brittany Gilbert,1964-01-19,Christmas Island
162,Julie Long,1966-03-01,Fiji
163,Amanda Hopkins,1976-11-18,British Indian Ocean Territory (Chagos Archipelago)
164,Ronald Sullivan,1965-11-29,Benin
165,Dr. Joseph Garcia,1970-07-04,United States Minor Outlying Islands
166,Matthew Johnson,1957-07-05,Isle of Man
167,Zachary Valdez,1967-01-30,Cocos (Keeling) Islands
168,Robert Prince,1946-04-12,Western Sahara
169,Mr. Todd Pearson,1959-02-10,Lao People's Democratic Republic
170,Garrett Freeman,1947-01-24,Turks and Caicos Islands
171,Michael Baker,1963-09-29,El Salvador
172,Ashley Miller,1986-08-17,Portugal
173,Casey Parker,1949-07-19,Liechtenstein
174,Brian Jackson,1971-06-23,South Georgia and the South Sandwich Islands
175,Stephanie Garcia,1991-06-11,Saint Lucia
176,Isaiah Cortez,1973-02-15,Macedonia
177,Kaylee Todd,1992-03-23,Peru
178,Carolyn Chase,1979-07-09,Poland
179,Michael Webb,1966-12-17,Solomon Islands
180,Laura Hall,1971-06-12,Namibia
181,Michael Haney Jr.,1950-07-01,Equatorial Guinea
182,Ethan Coleman,1937-04-13,Albania
183,April Hebert,1957-10-10,Svalbard & Jan Mayen Islands
184,Robert Johnson,1976-06-23,Kiribati
185,Marissa Brennan,1966-03-22,Mauritius
186,Arthur Davis,1981-12-29,Ghana
187,Joseph Clark,1946-12-24,Anguilla
188,Kathleen Guzman,1950-08-16,Nicaragua
189,Taylor Wright,1970-04-17,Bangladesh
190,Hannah Brown,1948-02-13,Bolivia
191,Tony Moreno,1981-03-12,Malawi
192,Jeffery Galloway,1973-12-25,Niue
193,Deborah Dunlap,1979-11-02,Swaziland
194,James Hernandez,1990-03-11,Honduras
195,Catherine Bryant,1988-11-09,Palau
196,Miranda Butler,1973-05-13,Reunion
197,Kenneth Hurley,1954-03-31,Luxembourg
198,Daniel Walker,1948-08-26,Malaysia
199,Debbie Woodard,1978-10-21,Oman
200,Michaela Manning,1975-01-27,French Guiana
201,Sarah Curry,1989-10-05,Uganda
202,Anthony White,1947-10-01,Cook Islands
203,Nathan Turner,1968-01-17,Qatar
204,Jimmy Johnson,1941-06-10,Pitcairn Islands
205,Jessica Price,1959-09-09,Tokelau
206,Jorge Henderson,1952-06-12,Japan
207,Charles Sandoval,1964-12-01,Dominica
208,Charles Smith,1993-08-22,Italy
209,Christopher Anderson,1959-10-14,Aruba
210,Paul Hernandez,1938-06-01,Monaco
211,Brian Mckee MD,1974-07-01,Bermuda
212,Mrs. Theresa Rodriguez DVM,1958-05-04,Tanzania
213,Brittany King,1987-03-03,Serbia
214,Danny Mason,1992-09-05,Angola
215,Jennifer Martin,1961-11-27,Bahrain
216,Roger Salinas,1972-03-02,Aruba
217,Patricia Glass,1964-04-11,Greece
218,Kristine Jimenez,1961-11-26,Malawi
219,Andrew Nash,1960-07-27,Togo
220,Emily Hernandez,1945-08-15,Croatia
221,Ariel Shea,1950-02-24,Comoros
222,John Miranda,1937-12-22,Lesotho
223,Daniel Fuller,1992-09-29,Bangladesh
224,Michael Coleman,1939-02-17,Botswana
225,Jose Lopez,1958-01-02,Saint Martin
226,Brandon Reeves,1972-09-16,Mongolia
227,Joshua Dillon,1970-12-20,Cook Islands
228,Brian Lewis,1977-08-25,Guinea
229,Amanda Johnson,1970-02-02,French Polynesia
230,Lisa Alexander,1951-04-05,Ireland
231,Rachel Barnes,1990-10-16,Nepal
232,Denise Long,1945-01-08,Tonga
233,Wayne Dunn,1952-06-11,Cayman Islands
234,Shannon Bean,1976-05-06,Afghanistan
235,Mark Knight,1991-12-16,Gibraltar
236,Joseph Anderson,1982-07-31,Guinea-Bissau
237,Mark Webster,1959-06-25,Tajikistan
238,Kim Berry,1943-04-27,Venezuela
239,Jared Daniel,1950-07-01,Benin
240,Carrie Graves,1967-03-30,Zambia
241,Anna Lopez,1970-02-21,Belgium
242,Carlos Heath,1979-01-12,Bermuda
243,Ryan Taylor,1973-03-11,Vanuatu
244,Phillip Simmons,1984-09-11,Jamaica
245,Curtis Miller,1978-03-09,Marshall Islands
246,Renee Brown,1980-08-16,Mauritius
247,Miranda Rosales,1994-09-21,Eritrea
248,Mary Parrish,1972-06-03,Saint Lucia
249,Eric Hall,1952-05-26,Lithuania
250,Andrea Martinez,1956-01-21,Gibraltar
251,Kathy Williams,1987-09-07,Brunei Darussalam
252,Karl Wilkerson,1952-10-22,Holy See (Vatican City State)
253,Monica Santos,1993-11-26,Mozambique
254,Kristina Kirk,1980-12-21,Belize
255,Molly Elliott,1946-09-19,Maldives
256,Linda Barber,1972-01-24,Algeria
257,Joshua Stevenson,1941-03-12,Solomon Islands
258,Julie Davis,1987-10-24,Saint Lucia
259,Nicole Forbes,1978-07-02,Bhutan
260,Rodney Rose,1940-08-20,Korea
261,Morgan Petersen,1991-07-16,Italy
262,Morgan Mcmahon,1988-06-24,Uruguay
263,Tiffany Little,1980-06-13,Bulgaria
264,Mark Little,1987-10-11,Colombia
265,Daniel Kennedy,1968-04-21,Mauritania
266,Dale Le,1959-01-01,Armenia
267,April Smith,1984-05-03,Saudi Arabia
268,Megan Dunn,1941-10-13,Papua New Guinea
269,Keith Estrada,1963-03-26,Ukraine
270,Ashley Gray,1968-10-08,Montserrat
271,Timothy Sanchez,1961-09-22,Jamaica
272,Carlos Lee,1988-12-13,Romania
273,Kevin Bowen,1954-07-31,Mauritania
274,Brett Davis,1936-06-27,Marshall Islands
275,Amanda Wallace,1991-03-03,Colombia
276,James Ryan,1940-05-10,Afghanistan
277,Vernon Garcia,1991-03-31,Palestinian Territory
278,Javier Henson,1970-02-01,Serbia
279,Amanda Perkins,1981-07-13,Pakistan
280,Janice Johnson,1980-02-25,Mauritius
281,Sabrina Acosta,1985-03-24,Montenegro
282,Kimberly Dawson,1950-07-05,Azerbaijan
283,Christopher Davis,1992-08-30,French Guiana
284,Dr. Barbara Pena,1963-07-07,Barbados
285,Philip Bates,1955-12-14,Saudi Arabia
286,James Bryant,1954-05-18,Poland
287,Jessica Peterson,1982-01-10,Lesotho
288,Michelle Griffin,1981-09-19,Iran
289,Stephen Mendoza,1945-10-23,Montenegro
290,Jason Kim,1982-12-31,Turks and Caicos Islands
291,Scott Wilson,1986-10-25,French Guiana
292,Gabriel Lee,1979-10-04,British Virgin Islands
293,Mark Reeves,1989-12-01,Malta
294,Virginia Watson,1963-06-05,United States Minor Outlying Islands
295,Zachary Barron,1936-01-19,Belarus
296,Marissa Wheeler,1978-07-07,Congo
297,Andrea Lewis,1940-06-29,Barbados
298,Joshua Lewis,1992-05-03,Nicaragua
299,Jacob Duarte,1941-07-11,Trinidad and Tobago
300,Michelle Barnes,1983-04-09,Puerto Rico
301,Holly Holloway,1978-05-16,Saint Pierre and Miquelon
302,Nicole Reynolds,1949-10-08,Lao People's Democratic Republic
303,Matthew Chan,1938-05-11,Vietnam
304,Samantha Hull,1934-12-09,Tokelau
305,Angel Shepherd,1954-02-11,Saint Vincent and the Grenadines
306,Teresa Bray,1936-10-26,Malta
307,Laurie Phillips,1971-10-14,Venezuela
308,Bryan Mills,1973-12-07,United States of America
309,Brian King,1986-01-29,Liberia
310,Shannon James DVM,1970-05-19,Malta
311,Nicholas Mcmahon,1943-03-18,Yemen
312,Teresa Smith,1936-08-01,Aruba
313,Joshua Rowe,1968-06-14,Cuba
314,Jessica Abbott,1940-11-28,Djibouti
315,Tracy Hudson,1968-03-23,Western Sahara
316,Garrett Gonzalez,1942-06-15,Equatorial Guinea
317,Tyler Schwartz,1957-05-10,Cape Verde
318,William Jackson,1974-02-22,Bahamas
319,Timothy Mitchell,1994-05-18,Estonia
320,Paul Mcdaniel,1938-06-17,Saint Barthelemy
321,Benjamin Thompson,1984-09-14,United States Minor Outlying Islands
322,William Payne,1946-03-02,American Samoa
323,Brent Davis,1982-05-05,American Samoa
324,Jasmine Henderson,1988-11-07,Faroe Islands
325,Sean Garrison,1971-05-15,Ghana
326,Anita Nelson,1960-02-02,Congo
327,Alexander Hernandez,1970-12-23,Gambia
328,Gregory Jones,1970-09-05,Holy See (Vatican City State)
329,Benjamin Brown,1950-04-01,Mozambique
330,Roger Peters,1946-01-11,Italy
331,Crystal Collier,1957-06-21,Martinique
332,Sandra Wong,1942-01-23,Mauritius
333,Danielle Smith,1947-06-22,French Polynesia
334,Mary Hopkins,1966-08-09,Montserrat
335,William Grant,1944-12-02,Monaco
336,Robert Gutierrez,1971-01-12,Saint Lucia
337,Ronnie Waller,1940-07-14,Portugal
338,Larry Brown,1994-10-09,Switzerland
339,Kathryn Oconnell,1994-08-28,Guam
340,Rhonda Duran,1967-01-04,Belize
341,Jonathan Hancock,1941-01-27,South Georgia and the South Sandwich Islands
342,Susan Cervantes,1936-04-22,Albania
343,Jasmine Rodriguez,1971-07-25,Tuvalu
344,Matthew Evans,1993-02-11,Suriname
345,Kimberly Baldwin,1948-06-07,Panama
346,Christian Patel,1954-09-15,Slovakia (Slovak Republic)
347,Jean Hutchinson,1994-03-16,Antarctica (the territory South of 60 deg S)
348,Ashley Levy,1989-10-05,Qatar
349,Chase Moses,1972-02-24,Korea
350,Kelsey Mcmillan,1959-09-10,Madagascar
351,Steven Luna,1978-07-12,Puerto Rico
352,James Branch,1942-11-14,Russian Federation
353,Isaac Sparks,1951-02-14,Mozambique
354,Douglas Garza,1973-04-15,Puerto Rico
355,Wanda Owens,1981-10-28,New Caledonia
356,Ralph Wolf,1944-06-24,Lebanon
357,Elizabeth Fernandez,1980-10-07,Netherlands Antilles
358,Jeremy Jones,1985-05-30,Georgia
359,Amber Harding,1987-07-04,Kiribati
360,Dr. Debbie Robertson,1956-04-20,Barbados
361,Juan Dennis,1969-11-29,Latvia
362,Carrie Shah,1992-09-02,Monaco
363,Robert Martin,1945-04-05,Guatemala
364,Kimberly Day PhD,1968-01-13,Slovakia (Slovak Republic)
365,Debra Mills,1934-12-25,Paraguay
366,Michael Thompson,1994-07-03,Switzerland
367,Michael Miller,1992-02-08,French Polynesia
368,Rachael Elliott,1978-09-06,Christmas Island
369,Taylor Hodges,1958-09-09,Oman
370,Mrs. Amber Gomez,1962-03-02,Kazakhstan
371,Brooke Hernandez,1935-04-15,Mexico
372,Jeffrey Tanner,1959-04-12,Norway
373,Kelli Rodriguez,1950-07-23,French Guiana
374,Aimee Alexander,1973-04-05,Spain
375,Jeffrey Scott,1961-08-25,French Guiana
376,Dawn Ward,1960-10-13,Sweden
377,Austin Phillips,1965-07-13,Malta
378,Calvin Sparks,1945-09-06,Trinidad and Tobago
379,Walter Ritter,1966-02-21,Saudi Arabia
380,Mary Ochoa,1987-05-03,Slovenia
381,Jason Myers,1947-02-22,Tonga
382,Brandon Herrera,1957-01-26,Guam
383,Vicki Hall,1938-04-24,Sierra Leone
384,Terry Clarke,1984-04-30,Turkmenistan
385,Danielle Guerra,1961-11-22,Macao
386,Stephanie Vazquez,1986-11-22,Gambia
387,Stuart Miller,1969-05-05,Togo
388,Sharon Hudson,1987-01-16,Slovakia (Slovak Republic)
389,Devon Robles,1975-08-03,Pitcairn Islands
390,Jeffery Jones,1954-11-03,Bouvet Island (Bouvetoya)
391,Ashley Harris,1960-08-02,Luxembourg
392,Jessica Sexton,1946-06-04,Poland
393,Becky Blankenship,1946-01-25,Serbia
394,Kimberly Graves,1949-12-17,Iraq
395,Ashley Hernandez,1986-02-05,South Africa
396,Michael Wagner,1994-12-15,Barbados
397,Nicholas Navarro,1974-10-29,Ecuador
398,Alexa Jefferson,1978-10-22,Hungary
399,Austin Johnson,1967-10-09,Germany
400,Christopher Hamilton,1940-01-17,Sierra Leone
401,Richard Nunez,1992-01-20,Iceland
402,Julie Wang,1990-05-24,Sao Tome and Principe
403,Michael Mckinney,1958-07-28,Somalia
404,Tiffany Buchanan,1989-08-09,Burundi
405,Jeffrey Young,1954-04-12,Panama
406,Mary Walsh,1993-07-24,Martinique
407,Clinton Brown,1978-10-14,Botswana
408,Katherine Love,1972-02-24,Barbados
409,Sara Cochran,1970-12-23,Sierra Leone
410,Lisa Turner,1986-09-10,Qatar
411,Brittany Ross,1980-02-21,Slovenia
412,David Edwards,1939-10-22,Christmas Island
413,Jessica Nicholson,1944-12-30,Cameroon
414,Jake Hutchinson,1942-11-18,Iraq
415,Bryan Moore,1973-06-10,Libyan Arab Jamahiriya
416,Tiffany Clark,1934-05-24,Pakistan
417,Christina Parker,1936-06-19,Antarctica (the territory South of 60 deg S)
418,John Nunez,1956-07-03,Bouvet Island (Bouvetoya)
419,Abigail Romero,1940-07-24,Argentina
420,Kristine Bell,1976-04-30,Lithuania
421,Joseph Mendoza,1989-07-22,Costa Rica
422,Katie Mason,1934-04-03,Switzerland
423,Karla Roberts,1945-10-11,Ukraine
424,Jill Robinson,1974-12-12,Benin
425,Donald Koch,1990-06-09,Somalia
426,Emily Jacobs,1984-10-17,Afghanistan
427,Ian Thomas,1938-06-05,United States Minor Outlying Islands
428,Reginald Wheeler,1967-08-11,Guatemala
429,Keith Caldwell,1984-08-13,Guinea
430,Cameron Taylor,1981-04-20,Tuvalu
431,Fred Ramirez,1938-06-19,Egypt
432,Joshua Cooper,1981-01-08,Niger
433,Scott Williams II,1967-07-29,Isle of Man
434,Lydia Griffin,1944-03-26,Burundi
435,Tonya Myers,1982-08-24,Niue
436,Jamie Lee,1937-05-22,San Marino
437,Jacob Roy,1982-04-28,Norway
438,Robert Avila,1971-06-16,Cayman Islands
439,Haley Mack,1955-03-15,Congo
440,Christopher Owens,1993-07-13,Latvia
441,Amber Yu,1973-03-10,Turks and Caicos Islands
442,Sharon Knox,1993-12-21,Cuba
443,Edward Grant,1966-12-01,Nicaragua
444,Jeffery Morgan,1944-01-08,Hungary
445,Justin Moreno,1941-08-14,Zambia
446,Amber Bell,1974-12-25,Guinea
447,Amanda Clark,1965-03-08,Nepal
448,David Armstrong,1936-09-06,Ecuador
449,Alexander Ortiz,1935-06-15,Philippines
450,Alexis Webster,1941-04-27,Andorra
451,Ms. Mary Odonnell,1940-03-06,Togo
452,Lori Sheppard,1981-09-01,Senegal
453,Mary Johnson,1962-05-12,Ghana
454,James Green,1962-04-09,Romania
455,Sara Lopez,1989-05-29,Turks and Caicos Islands
456,Kelly Moore,1980-07-14,Faroe Islands
457,Derek Tran,1936-05-31,Lao People's Democratic Republic
458,Tammy Phillips,1979-01-18,Mauritius
459,Wendy Jones,1949-10-05,Nicaragua
460,Ryan Burnett,1937-02-03,Rwanda
461,Jason Nelson,1948-11-06,Bulgaria
462,Sarah Lee,1936-07-22,Afghanistan
463,Gabrielle Mills,1993-06-20,Kiribati
464,Roy Griffith,1946-10-12,Bangladesh
465,Mrs. Emma Rogers,1937-05-07,Argentina
466,Jay Carter,1995-02-02,United States of America
467,Vincent Munoz,1952-08-23,Netherlands Antilles
468,Kimberly Johnson,1993-12-05,Macao
469,Megan Clark,1993-11-03,Equatorial Guinea
470,Ashley Rose DDS,1966-06-17,Slovenia
471,Leslie Martin,1963-10-25,Indonesia
472,Aaron Torres,1940-01-20,Australia
473,Samuel Powers,1992-12-14,Saudi Arabia
474,Jodi Hunter,1959-01-28,Guernsey
475,Crystal Moore,1943-06-23,Reunion
476,Gary Hoover,1985-04-01,Christmas Island
477,Jennifer Beck,1958-07-17,Faroe Islands
478,Joel Nelson,1961-11-11,Azerbaijan
479,Madison Mcconnell,1943-03-09,South Georgia and the South Sandwich Islands
480,Anthony Huff,1983-06-11,Cyprus
481,Christian Gentry,1937-10-12,Saint Helena
482,William Larson,1938-06-22,Germany
483,Michael Yu,1934-08-26,Saint Vincent and the Grenadines
484,Lindsay Beck,1990-08-29,Belize
485,Debra Cohen,1969-02-10,Rwanda
486,Jeffrey Higgins,1966-08-12,Anguilla
487,Victoria Flores,1962-12-30,Cape Verde
488,Debra Moore,1955-11-01,United States Virgin Islands
489,Meagan Richards,1993-11-14,Andorra
490,Joseph Taylor,1976-12-23,United States Virgin Islands
491,Tammy Campbell,1984-01-30,Japan
492,Madison Marsh,1960-02-18,China
493,Christopher Davis,1986-05-11,Egypt
494,Rebecca Smith,1994-08-31,Greenland
495,Marisa Green,1947-08-14,Bulgaria
496,Steven Miller,1945-10-18,Chile
497,Mary Brown,1965-02-20,Zimbabwe
498,Lisa Torres,1959-02-13,Myanmar
499,Jamie Farley,1977-09-20,Slovakia (Slovak Republic)
500,Madison Irwin,1960-02-29,Albania
501,Dennis Yoder,1992-11-05,Luxembourg
502,Alexandra Salinas,1992-01-10,Mexico
503,Amy Francis,1948-10-19,Uzbekistan
504,Cassandra Jones,1985-11-19,Australia
505,Michael Olsen,1961-01-20,Liberia
506,Jeffrey Stephens,1986-04-11,Myanmar
507,Margaret Yates,1956-08-28,Chile
508,Pam Ward,1983-01-13,Palestinian Territory
509,Jessica Chan,1974-11-14,France
510,Brandon Wilson,1946-07-18,Japan
511,Alexander Ramirez,1957-12-25,Russian Federation
512,Joshua Fowler,1945-07-14,Eritrea
513,Karen Bernard,1958-02-22,Vanuatu
514,Jaime Moses,1984-03-27,Saint Pierre and Miquelon
515,James Houston,1981-02-04,Eritrea
516,Monica Bryan,1956-10-25,Bulgaria
517,Joyce Bailey,1961-03-11,Norway
518,Sara Mitchell,1955-03-06,Timor-Leste
519,Maria Garcia,1960-03-01,Brazil
520,Patricia Curry,1973-04-19,Saint Kitts and Nevis
521,Cody Strong,1959-05-28,Bulgaria
522,Andrew Thompson,1946-08-30,Guyana
523,Dr. Todd Sanchez,1935-04-25,Pakistan
524,Theresa Bartlett,1945-07-22,Taiwan
525,Katherine Ewing MD,1975-06-20,Romania
526,Sarah Fletcher,1938-04-21,Iceland
527,Ronald Taylor,1993-01-05,Ireland
528,Mary Acosta,1934-07-25,Iceland
529,Stacey Page,1991-03-16,Uganda
530,Brian May,1976-10-06,Northern Mariana Islands
531,Katherine Ward,1952-07-20,Ethiopia
532,Tyler Mcconnell,1960-01-31,Mongolia
533,John Kramer,1946-05-04,Montserrat
534,Matthew Martinez,1961-06-12,Cayman Islands
535,Melinda Larson,1961-03-05,United States of America
536,Charles Deleon,1943-05-01,Trinidad and Tobago
537,Michael Martin,1989-02-04,Nigeria
538,Kimberly Brennan,1975-06-21,Monaco
539,Wesley Mann,1965-03-04,Maldives
540,Deborah Fowler,1959-11-27,Congo
541,Jessica Smith,1992-02-13,Zambia
542,Isaac White MD,1960-01-28,Spain
543,Gregory Lopez,1973-12-15,Antarctica (the territory South of 60 deg S)
544,Michael Peck,1941-01-20,Libyan Arab Jamahiriya
545,Mary Brown,1944-02-01,Lithuania
546,Michele Watts,1941-04-07,Seychelles
547,Jacqueline Martinez,1971-09-04,Nauru
548,Jason Roach,1975-07-09,Benin
549,Dominic Ellis,1980-11-04,Qatar
550,Kelly Clark,1970-09-20,Tunisia
551,Kimberly Williams,1969-08-30,Pitcairn Islands
552,Courtney Rivera,1990-08-09,Luxembourg
553,David Wilson,1970-11-07,Marshall Islands
554,James Berger,1973-07-27,Albania
555,Deborah Nielsen,1988-09-18,Cuba
556,Thomas Hardy MD,1970-02-06,Saint Helena
557,Stephanie Medina PhD,1986-09-24,Congo
558,Andrea Jones,1993-01-08,Poland
559,Richard Sanchez,1951-07-14,Venezuela
560,Corey Chambers,1969-08-29,Pakistan
561,Julia Miller,1987-12-09,Taiwan
562,Leslie Mitchell,1966-07-22,Vanuatu
563,Kenneth Jackson,1956-03-15,Cyprus
564,Todd Suarez,1950-12-04,Lao People's Democratic Republic
565,Amanda Zimmerman,1953-11-28,Gabon
566,Rebecca Hall,1950-04-03,Netherlands Antilles
567,Melody Bass,1937-09-16,Faroe Islands
568,Andrew Rodriguez,1991-06-09,India
569,Daniel Boyd,1964-11-15,Macedonia
570,Jay Patel,1975-11-14,Vietnam
571,Latoya Warner,1935-08-20,Austria
572,Kevin Nelson MD,1988-12-01,Tanzania
573,Teresa Mccullough,1977-06-24,Heard Island and McDonald Islands
574,Nicole Anderson,1947-01-22,Zambia
575,Audrey Lee,1951-03-07,Kenya
576,Ryan Wolf,1942-02-01,Italy
577,Jack Willis,1947-07-15,Somalia
578,Jennifer Giles,1949-01-19,Svalbard & Jan Mayen Islands
579,Corey Wright,1968-10-04,Hungary
580,Joseph Olsen,1949-01-22,Marshall Islands
581,Christine Johnson,1970-07-21,Martinique
582,Lindsey Rice,1990-10-20,Fiji
583,Dr. Kyle Kim,1935-04-15,Qatar
584,Mr. Eric Brown Jr.,1978-08-12,Greece
585,Gerald Rivera,1966-09-11,Croatia
586,Angela Gillespie,1992-07-21,Pakistan
587,Patricia Phillips,1968-04-29,American Samoa
588,John Chavez,1947-04-15,Western Sahara
589,Heather Bonilla,1937-06-06,Eritrea
590,Mr. William Holmes DDS,1936-05-13,Wallis and Futuna
591,David Harris,1972-11-14,Norfolk Island
592,Michael Estrada,1956-06-11,Pakistan
593,Miss Jennifer Cruz,1958-03-03,Saint Helena
594,Crystal Hernandez,1961-06-28,Madagascar
595,Kathryn Gutierrez,1969-03-04,Jordan
596,Richard Lopez,1965-11-19,Jordan
597,Lauren Hart,1937-04-26,Greece
598,Marcus Murray,1991-03-07,Hungary
599,Christina Morris,1961-02-20,Bangladesh
600,David Rangel,1958-07-16,Malawi
601,Rebecca Lowe,1962-12-10,Bolivia
602,Jason Johnson,1974-12-27,Estonia
603,Emily Mayer,1961-08-01,Netherlands
604,Judith Walton,1988-02-14,Iraq
605,Christian Rogers Jr.,1957-06-20,Guam
606,Courtney Moreno,1934-10-01,Jamaica
607,Bradley Estrada,1950-08-28,Latvia
608,Michael Bradley,1977-01-16,Ukraine
609,Robert Martin,1952-10-17,United States of America
610,Jeremy Lyons,1983-08-28,Falkland Islands (Malvinas)
611,Daniel Dorsey,1973-03-04,Portugal
612,Ariel Mendoza,1990-06-19,Niue
613,Eric Jones,1943-05-11,Kyrgyz Republic
614,Molly Owens,1988-05-11,Honduras
615,Holly Graham,1991-07-17,Togo
616,Timothy Gomez,1955-11-06,Liberia
617,Robert Ashley,1994-06-15,Solomon Islands
618,Travis Tate,1981-01-28,Fiji
619,Christopher Houston,1936-01-02,United States of America
620,Jonathan Cabrera,1942-01-11,Sudan
621,Molly Rivera,1967-07-10,Saint Kitts and Nevis
622,Isabel Greene,1948-09-29,Slovakia (Slovak Republic)
623,Stephen Vargas,1980-08-06,Eritrea
624,Karen Conner,1954-12-07,Dominica
625,Wayne Hartman,1960-05-29,Trinidad and Tobago
626,Daniel Stevens,1958-10-13,United Arab Emirates
627,Jerry Moss,1944-07-22,Hungary
628,William Johnson,1936-04-20,Tunisia
629,Jay Horne,1974-06-08,French Polynesia
630,Logan Edwards,1966-11-07,Malawi
631,Christina Bridges,1955-09-12,Azerbaijan
632,Jeffery Bennett,1994-10-19,Norfolk Island
633,Mark Nash,1992-12-31,Sudan
634,Yvonne Lee,1980-04-06,Saint Vincent and the Grenadines
635,James James,1988-08-13,Trinidad and Tobago
636,Matthew Garcia,1954-04-23,Korea
637,Jody Thomas,1963-08-29,Sudan
638,Donald Carter,1978-08-14,Cocos (Keeling) Islands
639,Leslie Hawkins,1952-06-06,Liechtenstein
640,Miguel Pope,1973-07-16,Tuvalu
641,John Bell,1990-10-28,Slovenia
642,Stephanie Sanchez,1976-07-13,Pakistan
643,Richard Wells,1994-08-24,Georgia
644,Scott Lawson,1963-11-24,Montenegro
645,Roger Quinn,1977-02-27,Costa Rica
646,Jill Hudson,1936-10-09,India
647,Dr. Madison Bean PhD,1945-01-12,Niger
648,Bruce Clark,1947-01-11,Sudan
649,Laura Keith,1958-02-17,Ukraine
650,John Robinson DVM,1956-10-01,Jersey
651,Kara Parker,1957-11-13,Angola
652,Ronald Turner,1966-05-06,Bangladesh
653,Thomas Smith,1986-10-13,Benin
654,Jessica Wood,1955-05-04,Angola
655,Andrea Obrien,1977-03-16,Tajikistan
656,Christina Singleton,1955-09-15,New Caledonia
657,Michael Hebert,1943-07-06,Djibouti
658,Melinda Flores,1966-06-22,Uruguay
659,Henry Choi,1986-02-01,Montenegro
660,Lindsay Klein,1938-05-24,Christmas Island
661,Brian Jones,1954-04-05,Albania
662,Elizabeth Clark,1970-12-18,Colombia
663,Joanna Vasquez,1937-09-16,Paraguay
664,Michael Garcia,1983-11-14,Bulgaria
665,James Holt,1941-05-17,Macedonia
666,Matthew Estes,1942-03-31,Jamaica
667,Christopher Palmer,1956-06-07,French Polynesia
668,Phyllis Mccormick,1972-01-15,Tokelau
669,Randy Obrien,1939-03-22,Armenia
670,Michael Summers,1987-01-15,Latvia
671,Miranda Lopez,1966-05-12,Luxembourg
672,Kenneth Prince,1990-01-13,Kiribati
673,Cynthia Vasquez,1981-09-06,Cyprus
674,Kimberly Brown,1991-05-29,Bouvet Island (Bouvetoya)
675,Holly Romero,1956-05-13,Nicaragua
676,Stephen Bullock,1962-05-25,Vanuatu
677,Ronald Brown,1970-06-04,Philippines
678,David Browning MD,1962-03-10,Tanzania
679,Nicholas Davis,1952-02-27,Taiwan
680,William Mack,1980-08-23,Senegal
681,Veronica Johnson,1958-03-17,Anguilla
682,Juan Black,1959-04-03,Namibia
683,Mary Robertson,1963-02-06,Lesotho
684,Jennifer Velez,1969-05-12,Tuvalu
685,Chad Alvarez,1995-01-19,India
686,Christopher Young,1990-06-16,Ghana
687,Meghan Smith,1984-08-21,Bolivia
688,Jeffrey Valenzuela,1961-12-30,Oman
689,Christine Gutierrez,1943-04-29,Benin
690,Sharon Pearson,1973-12-01,Yemen
691,Cassandra Grimes,1993-12-05,Kyrgyz Republic
692,Albert Hayes,1964-10-09,Burkina Faso
693,Paula Martin,1963-10-01,Maldives
694,Sarah Rosario,1950-12-31,Cambodia
695,Franklin Moore,1969-11-25,Japan
696,Jimmy Brown,1964-08-07,Jordan
697,Jose Rios,1992-03-09,Bhutan
698,Mark Smith,1979-06-29,Cuba
699,Kevin Ball,1944-02-22,Bahamas
700,Eric Ochoa,1964-02-13,Yemen
701,Julie Dean,1938-03-23,Tajikistan
702,Cindy Costa,1982-05-15,Cuba
703,Victor Shah,1966-06-22,Wallis and Futuna
704,Tamara Snyder,1968-11-10,Saint Martin
705,Angela Brooks,1939-04-08,Turks and Caicos Islands
706,Logan Terry,1968-12-23,Austria
707,Brett Webb,1977-03-02,Senegal
708,Lisa Kane,1981-12-27,Saint Martin
709,Heather Williams,1984-03-10,Palestinian Territory
710,Richard Cohen,1974-06-26,Rwanda
711,Michelle Moore,1938-12-24,Slovakia (Slovak Republic)
712,Bruce Rodriguez,1972-02-16,Nepal
713,Troy Jacobs,1962-10-04,Barbados
714,Kevin Taylor,1956-06-09,Sao Tome and Principe
715,Tina Goodwin,1936-04-24,Nicaragua
716,Joshua Stewart,1985-02-08,Estonia
717,Kenneth Jones,1971-08-03,Thailand
718,Daniel Mahoney,1957-01-26,British Indian Ocean Territory (Chagos Archipelago)
719,Hannah Smith,1950-07-14,Morocco
720,Dana Mays,1971-03-10,New Zealand
721,Carol Smith,1972-08-09,Burundi
722,Timothy Mendez,1950-06-25,San Marino
723,Mark Gamble,1979-07-03,Comoros
724,Thomas Kirby,1951-09-24,Wallis and Futuna
725,Ruben Sanchez,1994-10-03,Jamaica
726,Brenda Rowe,1966-08-26,Liberia
727,Craig Kennedy,1980-09-30,Colombia
728,Dave Williamson,1955-05-17,Bermuda
729,Robert Gomez MD,1980-11-28,Zimbabwe
730,Michael Williams,1973-06-10,Japan
731,Andrea Alvarado DDS,1948-12-02,Cape Verde
732,Joel Bell,1959-11-02,Cambodia
733,David Wagner,1961-03-06,Rwanda
734,Phillip Baird,1953-07-15,Macao
735,Michael Guerra,1964-01-09,Mozambique
736,Patrick Sanchez,1961-05-19,Comoros
737,Jessica Williams,1977-03-26,Afghanistan
738,Elizabeth Clayton,1983-12-19,Burundi
739,Ashley Noble,1967-10-26,Tuvalu
740,Tanya Fisher,1956-03-31,Kenya
741,Robin Hester,1952-06-15,Mauritania
742,Monica Burke,1962-04-16,Saudi Arabia
743,Tyler Harris,1950-03-10,Venezuela
744,Daniel Sullivan,1991-02-17,Bolivia
745,Joel Booth,1964-10-18,Marshall Islands
746,Nicholas Barnett,1986-10-06,Czech Republic
747,Barbara Dunlap,1986-11-08,Congo
748,Michael Ward,1943-05-08,Guyana
749,Joseph Ross,1981-04-20,Suriname
750,Brandy Ramos,1986-01-29,Bolivia
751,Jeffery Smith,1989-11-05,Mayotte
752,Thomas Mullen,1990-01-26,Philippines
753,Elizabeth Torres,1968-07-17,Lao People's Democratic Republic
754,Ms. Yvonne Allison,1939-01-27,Guernsey
755,Douglas Esparza,1981-11-10,Greece
756,Michael Yang,1962-04-29,Iraq
757,Courtney Johnson,1948-05-11,Eritrea
758,James Wright,1939-11-30,Paraguay
759,Stacey Banks,1993-06-11,Haiti
760,Brandon Weaver,1979-06-18,Liberia
761,David Raymond,1955-01-06,Dominica
762,Christian Elliott,1959-12-23,Cocos (Keeling) Islands
763,Wendy Hines,1967-07-01,Tokelau
764,Maria Ball,1968-07-01,Morocco
765,Victoria Hanna,1994-09-07,Djibouti
766,Sarah Bullock,1974-12-27,Madagascar
767,Kyle Bailey,1992-03-30,Paraguay
768,Curtis Lam,1987-11-29,Greece
769,Albert Meza,1979-02-24,Gibraltar
770,Sarah Shaw,1946-09-17,Christmas Island
771,Nicholas Jones,1941-06-04,Anguilla
772,Julie Brown,1953-07-22,Yemen
773,Daniel Keller,1947-06-30,Pakistan
774,Johnny Gutierrez,1960-03-07,Palestinian Territory
775,Kayla Burke,1968-10-13,Korea
776,Matthew Lucas,1935-08-12,Zambia
777,Jessica Meyer,1994-12-14,United Kingdom
778,Alexander Thompson,1941-10-23,Congo
779,Dana Nelson,1975-04-16,Martinique
780,James Galloway,1989-04-04,Bolivia
781,Kathleen Moreno,1975-07-09,Malta
782,William Sullivan,1960-12-16,Niue
783,Michael Hughes,1987-11-21,Macedonia
784,John Sullivan,1953-02-18,Belize
785,Noah Wilcox,1944-09-15,Eritrea
786,Amy Henson,1978-06-04,United States Minor Outlying Islands
787,Ashley Day,1978-02-26,Lithuania
788,Monica Church,1995-01-16,Niger
789,Geoffrey Madden,1981-10-17,Turkey
790,Julia Stewart,1969-09-06,Croatia
791,Jessica Brown,1974-06-20,Tajikistan
792,Tina Ellis,1973-07-13,United Kingdom
793,David Kirby,1983-04-15,Vanuatu
794,Michael Day,1967-05-12,American Samoa
795,Sarah Torres,1959-11-17,Bouvet Island (Bouvetoya)
796,Levi Aguilar,1948-01-27,Somalia
797,David Cunningham,1939-10-31,Sudan
798,Daniel Larsen,1983-10-22,Guadeloupe
799,Bonnie Fitzpatrick,1937-07-11,Panama
800,Kimberly Holmes,1935-02-15,Bolivia
801,Jason Walls,1992-05-10,French Polynesia
802,Debra Robles,1937-10-04,Poland
803,Marcus Schultz,1990-08-10,Latvia
804,Kelly Francis,1991-07-16,Palestinian Territory
805,Carolyn Shepard,1987-11-23,Chad
806,John Brown,1978-09-08,Reunion
807,Derek Torres,1942-10-08,Benin
808,Joseph Soto V,1978-02-11,Suriname
809,Steven Reed,1961-01-29,Morocco
810,Christopher Collins,1954-08-02,Wallis and Futuna
811,Crystal Sanchez,1975-09-29,Congo
812,Charles Sullivan,1951-05-16,Ireland
813,Stacy Mata,1982-10-16,Heard Island and McDonald Islands
814,Jeremiah Perez,1957-02-23,Mauritius
815,Jeremy Mcpherson,1943-09-28,Cambodia
816,Mr. Michael Young,1981-10-23,Mauritius
817,Timothy Shields,1980-02-27,Iran
818,Dana Silva,1951-01-30,Brunei Darussalam
819,Craig Mendez,1987-04-29,Rwanda
820,Richard Goodwin,1978-10-13,Liechtenstein
821,Timothy Smith,1978-12-31,Heard Island and McDonald Islands
822,Samantha Thornton,1976-01-19,Saint Helena
823,Jody Hansen,1981-01-14,Myanmar
824,Dr. Jasmine Douglas,1955-01-12,Congo
825,Scott Chavez,1984-08-27,Korea
826,Larry Nichols,1973-11-03,Luxembourg
827,Jaime Rogers,1988-09-01,Faroe Islands
828,Dr. Rachel Wyatt,1937-09-26,British Virgin Islands
829,Brian Ward,1938-08-24,Bahamas
830,Andrea Brown,1948-07-07,Czech Republic
831,Kelly Allen,1961-03-22,United Arab Emirates
832,Richard Watson,1957-09-07,Dominica
833,Laura Anthony,1952-07-12,Norway
834,Justin Jones,1970-08-13,Libyan Arab Jamahiriya
835,Christina Howell,1980-12-07,Colombia
836,Whitney Curry,1949-12-10,Finland
837,Samuel Underwood,1955-12-04,Hungary
838,Robert Gilmore,1985-03-17,Netherlands
839,Danielle Goodman,1987-12-09,Belize
840,Patrick Williams,1952-12-31,Grenada
841,Melissa Fuentes MD,1946-06-24,Aruba
842,Laura Graves DDS,1969-08-30,Marshall Islands
843,Lauren Hughes,1982-05-06,Denmark
844,Karen Carrillo,1973-10-23,Mongolia
845,Ashley Atkins,1990-11-26,Nigeria
846,Mary Carpenter,1980-11-10,Mongolia
847,Peter Holden,1984-07-01,Tajikistan
848,Michael Pope,1944-12-08,Samoa
849,Joanne Rosario,1966-03-17,Bahrain
850,Julie Melendez,1969-02-27,Guyana
851,James Horne,1975-04-29,Thailand
852,Jessica Cole,1953-12-25,Mauritius
853,Erik Owens,1980-06-15,Cote d'Ivoire
854,Anna Ball,1957-10-29,Zimbabwe
855,Kelly Lucas,1971-10-04,Ecuador
856,Brittany Adams,1938-02-17,Angola
857,David Hill,1948-01-16,Luxembourg
858,Joshua Henry,1991-11-03,Costa Rica
859,Kayla Payne,1965-05-16,Trinidad and Tobago
860,Kathryn Johnson,1990-01-12,San Marino
861,Kerry Ward,1940-01-20,Singapore
862,Julia Cobb,1963-11-29,Macao
863,Robin Brown,1968-07-28,Lebanon
864,James Wagner,1937-10-20,Anguilla
865,Andrew Noble,1949-08-12,Chile
866,Judith Lawson,1951-04-28,Belize
867,Todd Torres,1990-05-23,Brunei Darussalam
868,Sarah Le,1968-10-11,British Indian Ocean Territory (Chagos Archipelago)
869,Alexander Morgan MD,1950-09-06,Malawi
870,William Ochoa,1995-01-07,Bangladesh
871,Justin Stanley,1943-10-01,Antigua and Barbuda
872,Jeffrey Bailey,1936-07-06,Syrian Arab Republic
873,Juan Oliver,1972-03-14,Guinea-Bissau
874,Nathan Myers,1947-07-17,Svalbard & Jan Mayen Islands
875,Aaron Brown,1953-08-31,Afghanistan
876,Alexander Anderson,1954-06-01,Singapore
877,Brandy Rollins,1948-08-23,Northern Mariana Islands
878,Michelle Pennington,1982-03-09,Armenia
879,Karen Francis,1970-02-09,Gabon
880,Christopher Green,1970-10-17,Switzerland
881,David Romero,1976-07-25,Brazil
882,Christopher Williams,1964-01-10,Syrian Arab Republic
883,Christina Franklin,1994-01-09,Turks and Caicos Islands
884,Benjamin Watkins,1935-11-11,United States Virgin Islands
885,Denise Garza,1968-04-24,Cook Islands
886,Peter Mitchell,1975-11-29,Algeria
887,Louis Foster,1978-03-19,Saint Martin
888,Emma Smith,1983-01-20,Guam
889,Roberta Kirk,1982-01-09,Yemen
890,Christopher Martin,1975-12-02,Serbia
891,Justin Ritter,1940-09-15,Costa Rica
892,Paul Harrison,1959-11-19,Bhutan
893,Craig Washington,1974-08-26,Korea
894,Kimberly Henderson,1937-09-15,Belgium
895,Jerome Torres,1943-10-14,Christmas Island
896,Nicholas Martinez,1934-09-26,Georgia
897,Travis Vasquez,1960-12-13,Colombia
898,Marie Mathis,1948-12-30,Colombia
899,Matthew Smith,1978-09-21,Kenya
900,Anna Cardenas,1961-05-04,Liberia
901,Nathan Pearson,1936-12-13,Nicaragua
902,Michael Stewart,1966-01-11,French Southern Territories
903,Matthew Holt,1951-03-25,Reunion
904,Carolyn Allen,1991-08-06,Botswana
905,Erica Maldonado,1982-07-08,Montserrat
906,Regina Shelton,1949-10-15,Lebanon
907,Jeffrey Pierce,1987-01-10,Christmas Island
908,Lisa James,1960-05-25,Netherlands
909,Matthew Myers,1994-11-16,Heard Island and McDonald Islands
910,Robert Ayala,1952-04-01,Moldova
911,Gregory Gomez,1988-04-09,Cyprus
912,Cory Hill,1963-01-09,Hong Kong
913,Gary Ruiz Jr.,1948-11-14,El Salvador
914,Joseph Wu,1981-01-26,Tokelau
915,Matthew Gardner,1987-04-10,Angola
916,Joshua Garcia,1956-04-23,Peru
917,Hannah Ashley,1984-06-28,Netherlands Antilles
918,Michelle Taylor,1970-10-20,Burkina Faso
919,Bradley Ortiz,1958-06-03,Eritrea
920,Shawn Mcmillan,1986-08-12,Finland
921,Michael Carter,1955-06-22,Brunei Darussalam
922,Sarah Miller,1945-01-18,Georgia
923,Trevor Bates,1937-04-03,Finland
924,Tammie Patrick,1956-05-25,Jamaica
925,Natasha Ferrell,1979-07-27,Uruguay
926,Pamela Davis,1974-08-20,Germany
927,Nicholas Young,1990-04-29,Norway
928,Lisa Gonzalez,1982-01-22,New Caledonia
929,Eric Watkins,1958-08-06,Suriname
930,Nicholas Hernandez,1959-05-26,Tokelau
931,Sean Cooper,1981-06-18,Rwanda
932,Jacqueline Mitchell,1961-08-05,Hong Kong
933,Mrs. Beverly Hill,1963-01-13,Tokelau
934,Susan Mendez,1960-05-02,Panama
935,Justin Miller,1942-03-12,Korea
936,Mitchell Jensen,1993-06-19,France
937,Diane Castillo,1992-12-11,Saint Barthelemy
938,Regina Stewart,1953-12-03,Belgium
939,Catherine Stokes,1961-02-13,United States of America
940,Jeffery Griffin,1979-08-10,Norway
941,Amanda Smith,1985-11-23,Romania
942,Guy Smith,1934-11-20,French Polynesia
943,John Young,1962-12-21,Latvia
944,Brittany Campbell,1956-06-18,Dominica
945,James Jimenez,1940-08-18,Algeria
946,Jonathan Chang,1947-03-25,Sao Tome and Principe
947,James Watts,1982-03-01,Bosnia and Herzegovina
948,Victoria Schmidt,1979-02-11,Guernsey
949,Oscar Villa,1967-07-11,Turks and Caicos Islands
950,Juan Smith,1984-11-30,Sierra Leone
951,Mrs. Nicole Underwood,1974-09-05,Lesotho
952,Ashley Moore,1943-01-10,India
953,Matthew Garcia,1934-12-14,Jersey
954,Michelle Thompson,1943-02-18,Saint Barthelemy
955,Susan Rivera,1956-03-10,French Southern Territories
956,Amanda Gill MD,1993-05-29,Denmark
957,Terri Flowers,1938-02-19,Turkmenistan
958,Aaron Torres,1974-07-27,Ecuador
959,Matthew Terry,1959-02-08,El Salvador
960,Cheryl Burnett,1991-02-07,Maldives
961,Caitlin Dixon,1987-05-10,Bhutan
962,Daniel Mays,1976-02-25,Grenada
963,James Ball,1937-03-17,Saint Vincent and the Grenadines
964,John Johnson,1950-12-27,Thailand
965,Diana Brown,1958-08-29,Vanuatu
966,Michelle Nunez,1977-02-08,Serbia
967,Sara Clark,1993-10-13,Malaysia
968,Andrew Bartlett,1948-12-04,Spain
969,Bradley Stone,1968-09-28,Uzbekistan
970,Sharon Perez,1937-05-12,Paraguay
971,Shannon Mitchell,1988-03-07,Uruguay
972,Teresa Hogan,1946-09-19,Malta
973,Michael Rios,1987-05-10,Cameroon
974,David Woods,1960-05-30,United States Minor Outlying Islands
975,Curtis Smith,1947-06-01,Rwanda
976,John Hodges,1966-04-29,Anguilla
977,Tony Benton,1968-05-27,Chile
978,Kimberly Reyes,1992-04-20,United States Minor Outlying Islands
979,Keith Long,1935-01-11,Tunisia
980,Mark Stevens,1994-11-14,New Zealand
981,Jeremy Berry,1985-01-02,Afghanistan
982,Gerald Gentry,1969-06-29,Cook Islands
983,Bobby Francis,1993-06-10,Japan
984,Joshua Nelson,1992-01-03,Saint Vincent and the Grenadines
985,Michael Williams,1959-03-16,Ethiopia
986,Jeanette Morales,1947-11-25,Latvia
987,Beth Campbell,1938-02-25,Mauritania
988,Brendan Martinez,1984-06-24,Hungary
989,Chelsea Atkinson,1971-03-02,Zambia
990,Brandy Barrera,1978-11-13,Egypt
991,Amy Fowler,1946-08-20,Korea
992,Nicholas Petersen,1984-07-05,Turks and Caicos Islands
993,Steven Parsons,1936-02-14,Monaco
994,Paul Cooke,1946-05-02,Nicaragua
995,Robert Reed,1988-11-04,Namibia
996,Martha Berger,1978-08-02,Uruguay
997,Brian Phillips,1981-06-30,Ethiopia
998,Michael Silva,1994-03-22,Pakistan
999,Amanda Cohen,1982-06-18,Greenland
1000,Gregory Chan,1970-05-18,Dominica
